GEO_DISTRICT,GEO_REGION,MMDA,Region,Latitude,Longitude,Employed_Pop,Unemployed_Pop,Poverty_Incidence_pct,Poverty_Intensity_pct,Illiterate_Pop,Uninsured_Pop,Male_0_14,Female_0_14,Male_15_64,Female_15_64,Male_65plus,Female_65plus,Total_Pop,Uninsurance_Rate_pct,Illiteracy_Rate_pct,Youth_Dep_Ratio,Employment_Rate_pct,Has_Geometry,NHIS_Coverage_Women_2019_pct,No_Insurance_Women_2022_pct,ANC_Skilled_pct,Home_Delivery_pct,Facility_Delivery_pct,Female_Literate_pct,Female_No_Edu_pct,Female_SecPlus_pct,High_Uninsurance,Catastrophic_Proxy,Ecological_Zone,Uninsurance_Quartile,Uninsurance_z,Spatial_Lag_Uninsurance,LISA_Ii,LISA_p,LISA_cluster,BV_Poverty_Ii,BV_Poverty_p,BV_Poverty_cluster,BV_Illiteracy_Ii,BV_Illiteracy_p,BV_Illiteracy_cluster,Gistar_z,Gistar_cluster,GWR_local_R2,GWR_beta_intercept,GWR_beta_Poverty_Incidence,GWR_beta_Illiteracy_Rate,GWR_beta_NHIS_Coverage_Women_2019
ADENTA MUNICIPAL,GREATER ACCRA,Adentan Municipal,Greater Accra,5.7042433,-0.1690967,108423,82032,8.3,41.8,18956,99635,37515,38001,90372,91225,4078,4780,265971,37.4608509950333,7.127092803350742,41.58438740728096,40.76497061709736,True,38.9,13.4,95.8,8.7,91.3,79.2,4.4,84.6,1,0,Southern Belt,Q3,0.48123361536160925,0.525404870959718,0.2528424855805449,0.3713713713713714,NS,-0.6113274119453054,0.001001001001001001,HL,-0.7114268667526807,0.001001001001001001,HL,1.3895853214959257,NS,0.5891228834911543,0.3406983290563406,0.5574517626149565,0.27726264810950313,-0.7135229687905886
LEDZOKUKU MUNICIPAL,GREATER ACCRA,Ledzokuku Municipal,Greater Accra,5.6050983,-0.114493361214251,84358,72808,11.3,43.3,18575,82055,29909,30229,72722,76060,3468,4916,217304,37.7604646025844,8.547932849832494,40.420212122434165,38.82027022052056,True,38.9,13.4,95.8,8.7,91.3,79.2,4.4,84.6,1,0,Southern Belt,Q3,0.5034126686558632,0.5353985862002715,0.26952643107365487,0.4194194194194194,NS,-0.668510930841157,0.006006006006006006,HL,-0.7775178076425808,0.0,HL,1.1921245112691945,NS,0.560077977724214,0.3354920954937657,0.5521979997157913,0.23937438130683394,-0.6882939413519198
CHEREPONI,NORTHERN EAST,Chereponi,North East,10.1792653999999,0.207987165887793,18122,27082,53.8,44.2,49085,32497,21399,20573,20495,22457,940,1312,87176,37.277461686702765,56.3056345783243,97.71838331160365,20.787831513260528,True,57.4,12.1,95.6,27.0,71.9,32.4,52.5,35.9,1,0,Northern Belt,Q3,0.4676581263299052,-0.30870227682597706,-0.14436712837421214,0.6256256256256256,NS,0.6148293836838444,0.018018018018018018,HH,0.6052347843257814,0.023023023023023025,HH,-0.2305635376230066,NS,0.7704986774374302,-0.8594983183400631,-0.2859400578742225,1.6905568621538893,-1.1042253158906972
WA EAST,UPPER WEST,Wa East,Upper West,10.06069,-2.50192,24065,29821,48.7,45.3,53226,28685,19492,18079,25357,24624,1772,2133,91457,31.3644663612408,58.19784160862482,75.17056481462956,26.312912078900467,True,49.6,6.7,98.4,6.9,92.8,51.0,34.6,47.2,1,0,Northern Belt,Q3,0.029945568732775735,0.34853357915915584,0.010437036250390833,0.9119119119119119,NS,0.03495867094902949,0.0,HH,0.046429547735552856,0.0,HH,0.8852081285513156,NS,0.5927308183333502,-1.8171448556884404,-0.0061389653527437514,0.8339414598174446,0.6049773760576329
WA MUNICIPAL,UPPER WEST,Wa Municipal,Upper West,10.0623261,-2.5054273,55802,74417,16.5,43.4,54484,21847,35425,35028,60148,62830,2920,4321,200672,10.886919948971457,27.150773401371392,57.289108621054176,27.80756657630362,True,49.6,6.7,98.4,6.9,92.8,51.0,34.6,47.2,0,0,Northern Belt,Q1 (lowest),-1.485915466169711,-0.4161830545794619,0.6184128375573754,0.15915915915915915,NS,-2.1975147756549305,0.003003003003003003,LH,-2.489911864509849,0.001001001001001001,LH,-1.4200205564454111,NS,0.5916883364238777,-1.8191805681005733,-0.006677392127430609,0.8342568163692042,0.6052876578028058
SABOBA,NORTHERN,Saboba,Northern,9.70870525,0.196098328672698,23478,30002,46.0,45.3,43917,20603,21316,20887,24741,26074,1115,1550,95683,21.53256064295643,45.89843545875443,83.0522483518646,24.53727412393006,True,57.4,12.1,95.6,27.0,71.9,32.4,52.5,35.9,0,0,Northern Belt,Q2,-0.6978663710928104,0.6733122106977432,-0.46988194909211173,0.18018018018018017,NS,-1.1568649726568074,0.0,LH,-1.2573825770945486,0.0,LH,1.1001610891902553,NS,0.7705971677883289,-0.9171838277017469,-0.25059044453402507,1.7831756120166171,-1.0600375395730088
JIRAPA,UPPER WEST,Jirapa Municipal,Upper West,10.5366328,-2.7008646,15207,42406,50.1,47.4,44829,11356,17123,16543,23894,27936,2004,3779,91279,12.440977661893754,49.11206301558957,64.9546594636311,16.659910822861775,True,49.6,6.7,98.4,6.9,92.8,51.0,34.6,47.2,0,0,Northern Belt,Q1 (lowest),-1.3708755348429227,-1.269431685710892,1.7402328410954722,0.004004004004004004,LL,-1.1696438570433338,0.05205205205205205,NS,-1.878665067546315,0.002002002002002002,LH,-3.181735536534336,Cold_99,0.40148219130497753,-2.301986245020306,-0.05755356232026358,0.8668509923939954,0.39584193486220776
GUSHEGU,NORTHERN,Gushegu Municipal,Northern,9.9185016,-0.2164706,36081,41484,51.5,44.3,92056,74095,39252,37148,34170,39410,1939,2046,153965,48.12457376676517,59.790212061182736,103.8325631965208,23.434546812587275,True,57.4,12.1,95.6,27.0,71.9,32.4,52.5,35.9,1,0,Northern Belt,Q4 (highest),1.2706212456582455,-0.11691721228628453,-0.14855749391408837,0.5135135135135135,NS,2.166254988225912,0.0,HH,2.088734420099395,0.0,HH,0.1620824306365182,NS,0.7378037762470189,-0.7170187091115968,-0.5189368791294641,1.698139550432188,-0.8495298832767888
SISSALA WEST,UPPER WEST,Sissala West,Upper West,10.7467085,-2.29346951572635,15085,22345,32.3,46.1,31815,7964,13593,12805,16844,17554,1119,1913,63828,12.477282697248857,49.8448956570784,76.74283388569103,23.63382841386225,True,49.6,6.7,98.4,6.9,92.8,51.0,34.6,47.2,0,0,Northern Belt,Q1 (lowest),-1.3681880356983678,-1.057890257009922,1.4473927927228467,0.016016016016016016,LL,-1.3087554299769757,0.05905905905905906,NS,-1.9671194999984316,0.0,LH,-2.5238489281410423,Cold_95,0.44170082802590094,-2.475440061767049,-0.17643106370602302,1.0543328032402397,0.39540735813368966
NANUMBA NORTH,NORTHERN,Nanumba North Municipal,Northern,8.92200959999999,-0.138644700894755,54525,46544,41.5,41.4,100046,82760,44193,43418,45870,49965,2216,3018,188680,43.8626245495018,53.02416790332839,91.41858402462566,28.89813440746237,True,57.4,12.1,95.6,27.0,71.9,32.4,52.5,35.9,1,0,Northern Belt,Q4 (highest),0.9551282358457128,0.7804317296288253,0.7454123811183982,0.1011011011011011,NS,1.4654435082369204,0.002002002002002002,HH,1.7191764892655352,0.0,HH,2.0024014363768705,Hot_95,0.6806732742319995,0.2716172765037929,0.8261578489530889,0.012457488051567281,-0.4346407191041991
LAMBUSSIE-KARNI,UPPER WEST,Lambussie Karni,Upper West,10.846747,-2.708741,10758,19875,44.2,46.0,25646,5836,10644,9841,13368,14326,1048,1891,51118,11.416722093978638,50.17019445205212,73.96909077778581,21.04542431237529,True,49.6,6.7,98.4,6.9,92.8,51.0,34.6,47.2,0,0,Northern Belt,Q1 (lowest),-1.4466965865414878,-1.6219131679398062,2.3464162437252085,0.002002002002002002,LL,-1.1660298184340314,0.0970970970970971,NS,-1.7882261589704636,0.007007007007007007,LH,-3.5760707565869705,Cold_99,0.4229990912610124,-2.624106193727241,-0.05174042560471765,0.9644656193136916,0.41087213888445095
BOLGATANGA MUNICIPAL,UPPER EAST,Bolgatanga Municipal,Upper East,10.7853963,-0.8487322,41187,52286,20.2,44.8,40341,12511,24732,24304,40979,46310,2139,4045,142509,8.779094653670997,28.307685830368605,56.176608736496,28.901332547418058,True,62.3,3.2,99.2,2.0,97.7,55.2,25.9,56.8,0,0,Northern Belt,Q1 (lowest),-1.641948331103831,-1.26513702930181,2.0772896338797655,0.001001001001001001,LL,-2.065068265682202,0.003003003003003003,LH,-1.0308898356311307,0.17117117117117117,NS,-3.284632162643717,Cold_99,0.43206885935735684,-0.6016817721969149,0.10553413078571261,0.4671338530509408,-0.5733484411581617
NANUMBA SOUTH,NORTHERN,Nanumba South,Northern,8.76637935,0.0549741822848612,30173,24524,46.3,42.3,58488,46239,26547,25130,24635,26996,1329,1737,106374,43.46832872694456,54.98336059563427,100.08909376149988,28.365014007182204,True,57.4,12.1,95.6,27.0,71.9,32.4,52.5,35.9,1,0,Northern Belt,Q4 (highest),0.9259402822888733,1.6231241957238545,1.5029160759784461,0.007007007007007007,HH,1.5523882793962558,0.0,HH,1.6269871286964863,0.0,HH,4.078388941609542,Hot_99,0.7135343893273101,0.2000410546826559,1.243952276362777,-0.25036040949114635,-0.37907803927170125
WENCHI MUNICIPAL,BONO,Wenchi Municipal,Bono,7.80281055,-2.08141333112632,38543,39547,23.6,42.2,42124,25271,23537,23131,35042,37424,2381,3243,124758,20.25601564629122,33.76456820404303,64.39985648442028,30.8942111928694,True,49.66898148148148,9.783796296296297,98.6,9.3,89.7,61.5,11.8,77.4,0,0,Middle Belt,Q1 (lowest),-0.7923632791103207,-1.0170792296312947,0.8058962335056515,0.06306306306306306,NS,0.3918841951932747,0.21121121121121122,NS,-0.14212927101716982,0.6836836836836837,NS,-2.636724155660465,Cold_99,0.8330846575132711,-0.8010319596845281,0.48827113968794855,0.10919579838548138,1.6568833810412538
BONGO,UPPER EAST,Bongo,Upper East,10.9166838999999,-0.805767855895511,16592,56294,54.0,48.5,51970,19822,22357,21188,30052,35165,2685,4984,116431,17.024675558914723,44.63587876081112,66.7694006164037,14.250500296312838,True,62.3,3.2,99.2,2.0,97.7,55.2,25.9,56.8,0,0,Northern Belt,Q1 (lowest),-1.0315649114913166,-1.373347972725237,1.4166975799310881,0.022022022022022022,LL,-1.0922183487945214,0.031031031031031032,LH,-0.5618247261040006,0.27627627627627627,NS,-2.940846999470949,Cold_99,0.4374577709202855,-0.5470377649035507,0.18971542922335274,0.2352093262756423,-0.5650726801428673
TANO SOUTH MUNICIPAL,AHAFO,Tano South Municipal,Ahafo,7.16093674999999,-1.99681708617696,28999,26149,23.7,42.6,24275,17791,16367,15474,24906,26294,1636,2312,86989,20.452011173826577,27.90582717355068,62.18945312500001,33.336398855027646,True,49.66898148148148,9.783796296296297,98.0,5.4,93.1,48.3,17.5,70.7,0,0,Middle Belt,Q2,-0.7778546081384903,-0.09961713646532729,0.07748764864911567,0.7307307307307307,NS,-0.09456253584923315,0.7817817817817818,NS,-0.045218362432807475,0.9169169169169169,NS,-0.5260024262728321,NS,0.7085570717962159,-0.5949065029389552,0.6956529403769898,-0.0770047963253248,1.2975036711715362
KASENA NANKANA WEST,UPPER EAST,Kasena Nankana West,Upper East,10.895598,-1.30768,15015,42880,53.6,47.4,37336,12340,16879,15961,24454,26493,2576,4372,90735,13.600044084421668,41.1483991844382,64.45914381612263,16.54818978343528,True,62.3,3.2,99.2,2.0,97.7,55.2,25.9,56.8,0,0,Northern Belt,Q1 (lowest),-1.2850750394417172,-1.2041684226323297,1.5474467832087115,0.002002002002002002,LL,-1.052485012787195,0.036036036036036036,LH,-0.9938110965290337,0.05105105105105105,NS,-3.2544268754778263,Cold_99,0.5477554972669023,-2.301783665030174,-0.2809602214656556,1.4106707797122346,0.18756693707498603
WA WEST,UPPER WEST,Wa West,Upper West,9.8985772,-2.6832633,18605,38398,61.9,48.7,54974,29934,20291,19663,23133,27784,2456,3630,96957,30.873479996287013,56.69936157265592,78.46888072745841,19.18891879905525,True,49.6,6.7,98.4,6.9,92.8,51.0,34.6,47.2,1,0,Northern Belt,Q3,-0.006399952567370002,-0.4796502178312062,0.003069738643048409,0.97997997997998,NS,-0.005907808329688636,0.06306306306306306,NS,-0.007848713627515207,0.007007007007007007,LH,-0.8676123181147972,NS,0.6436295528473435,-1.7773783806968237,-0.02967220747163927,0.9139604867745932,1.3323009946741218
SUNYANI MUNICIPAL,BONO,Sunyani Municipal,Bono,7.3384389,-2.3309226,64799,68142,10.9,41.5,28006,21645,30599,30055,62754,63470,3005,3712,193595,11.18055734910509,14.46628270358222,48.052668272277856,33.47142229912963,True,49.66898148148148,9.783796296296297,98.6,9.3,89.7,61.5,11.8,77.4,0,0,Middle Belt,Q1 (lowest),-1.4641788047410764,-1.1694863488901803,1.7123371244790297,0.012012012012012012,LL,0.6815086408711432,0.34134134134134136,NS,0.5369923312028083,0.4724724724724725,NS,-2.7683014726186292,Cold_99,0.7163662375675754,-0.7260797224003999,0.5119653388342768,0.16642950351321123,1.5156258139231902
SAWLA-TUNA-KALBA,SAVANNAH,Sawla Tuna Kalba,Savannah,9.4809443,-2.41330933679435,22712,43064,54.2,46.9,66172,48272,23714,23174,26941,33062,2349,3424,112664,42.84598452034368,58.733934530994816,78.14275952869023,20.15905701910104,True,49.66898148148148,9.783796296296297,98.12086614173228,12.606692913385826,86.50314960629919,60.54606299212598,15.77047244094488,69.8547244094488,1,0,Northern Belt,Q4 (highest),0.8798709283687013,-0.06548580764476664,-0.05761905836737501,0.7537537537537538,NS,1.4127818308872648,0.001001001001001001,HH,1.4196483082905589,0.001001001001001001,HH,0.22774245865513276,NS,0.7483255926373402,-1.7772615852897686,-0.12541453044180245,1.2314337521170242,1.0516536333258935
ASANTE AKIM SOUTH,ASHANTI,Asante Akim South Municipal,Ashanti,6.46141735,-1.11533920112058,43495,33950,24.6,42.2,31673,40319,23973,22215,34657,35653,3085,4050,123633,32.611843116320074,25.618564622714,65.6919357132698,35.180736534743964,True,52.9,7.5,100.0,7.1,91.3,61.5,9.0,79.8,1,0,Middle Belt,Q3,0.12228328248030015,-0.030944308023185485,-0.003783971559156609,0.958958958958959,NS,-0.03145908628142723,0.4594594594594595,NS,-0.046697871708904805,0.28428428428428426,NS,-0.042417292186913286,NS,0.6516376173785177,0.21841299832644873,1.4317739537450451,-0.5765441417434741,-0.0748344865677845
SISSALA EAST,UPPER WEST,Sissala East Municipal,Upper West,10.59705475,-1.85050542952138,23696,25675,28.8,44.3,36973,13326,15883,15365,22675,23421,1310,1965,80619,16.52960220295464,45.86139743732867,67.78896216591461,29.39257495131421,True,49.6,6.7,98.4,6.9,92.8,51.0,34.6,47.2,0,0,Northern Belt,Q1 (lowest),-1.068212974428615,-0.21693751209480291,0.2317354650599331,0.3923923923923924,NS,-1.4215867638171176,0.0,LH,-1.7003078167379797,0.001001001001001001,LH,-0.9062734600481952,NS,0.595800101308157,-3.175395157194695,-0.5604761635268809,1.8879507901441872,0.6466677346307418
ADA EAST,GREATER ACCRA,Ada East,Greater Accra,5.8761016,0.549568161630084,23660,24880,28.2,44.2,22384,32786,14190,13681,21337,23053,1507,2643,76411,42.9074347934198,29.29421156639751,62.786663662987166,30.964128201436964,True,38.9,13.4,95.8,8.7,91.3,79.2,4.4,84.6,1,0,Southern Belt,Q4 (highest),0.8844198168275453,1.1015793193594345,0.9742585798488832,0.09009009009009009,NS,0.4678819595183216,0.36036036036036034,NS,0.11143659295643929,0.8348348348348348,NS,2.1068160144080452,Hot_95,0.532164334003036,0.35370022291930553,0.4607536052702925,0.27313048514839716,-0.5393765944574527
SHAI OSUDOKU,GREATER ACCRA,Shai-Osudoku,Greater Accra,5.95875335,0.161872328401567,33556,35351,23.5,44.2,22754,30351,18546,18157,32871,31732,1719,2585,105610,28.738755799640188,21.54530820944986,56.81315109205455,31.773506296752203,True,38.9,13.4,95.8,8.7,91.3,79.2,4.4,84.6,0,0,Southern Belt,Q2,-0.1644240226786986,0.5545226985636633,-0.09117685276448492,0.6246246246246246,NS,0.03334953853758383,0.6056056056056056,NS,0.08849059655944613,0.14514514514514515,NS,1.3323692470631352,NS,0.6027734348915748,0.2017497797958897,0.5713555823378502,0.1440906249224294,-0.6612289370941341
KASENA NANKANA EAST,UPPER EAST,Kasena Nankana Municipal,Upper East,10.895598,-1.30768,23082,44019,33.8,47.1,32647,12449,16622,16172,29966,31126,2070,3939,99895,12.46208518944892,32.681315381150206,53.67969619590126,23.106261574653388,True,62.3,3.2,99.2,2.0,97.7,55.2,25.9,56.8,0,0,Northern Belt,Q1 (lowest),-1.3693130391259143,-1.1820733566185866,1.6186284604211676,0.008008008008008008,LL,-1.7102983199616848,0.001001001001001001,LH,-1.1436586993134426,0.03203203203203203,LH,-3.235943601775573,Cold_99,0.5477554972669023,-2.301783665030174,-0.2809602214656556,1.4106707797122346,0.18756693707498603
ADA WEST,GREATER ACCRA,Ada West,Greater Accra,5.9040093,0.420370257026968,22587,22495,40.1,44.7,25206,45090,15739,15266,20114,21662,1279,2027,76087,59.261108993652,33.12786678407612,74.21725392569897,29.685754465283164,True,38.9,13.4,95.8,8.7,91.3,79.2,4.4,84.6,1,1,Southern Belt,Q4 (highest),2.0950090641198353,0.55171559593543,1.1558491743010024,0.024024024024024024,HH,0.12383857873573982,0.9019019019019019,NS,-0.49701022796207334,0.6156156156156156,NS,2.000876195751829,Hot_95,0.5655619722539013,0.26956569057461044,0.5429780382900197,0.16132978350386226,-0.5846714653697188
BUNKPURUGU NAKPANDURI,NORTHERN EAST,Bunkpurugu Nakpanduri,North East,10.632198,-0.180118,16889,34450,38.3,45.5,31770,8825,15560,15485,23265,23614,1579,2881,82384,10.712031462419889,38.5633132647116,66.22368224578169,20.50033987181977,True,57.4,12.1,95.6,27.0,71.9,32.4,52.5,35.9,0,0,Northern Belt,Q1 (lowest),-1.4988616774432328,0.0064421327120358085,-0.009655865843073914,0.9369369369369369,NS,-2.7566167747867962,0.001001001001001001,LH,-2.700748239457346,0.0,LH,-0.6046223340566956,NS,0.5627090939458039,-0.8644717976866365,0.2064364856897372,0.5947859689340612,-0.6762311362803974
GARU,UPPER EAST,Garu,Upper East,10.76975475,-0.21182067584702,15489,27113,44.7,47.7,36894,14309,14969,14203,17246,19558,2219,3579,71774,19.93618859196924,51.40301501936635,79.26312357352462,21.58023796918104,True,62.3,3.2,99.2,2.0,97.7,55.2,25.9,56.8,0,0,Northern Belt,Q1 (lowest),-0.8160386433260184,-1.3053544927067033,1.0652197092879012,0.01901901901901902,LL,-1.0435181755637228,0.001001001001001001,LH,-1.0866549640310785,0.0,LH,-3.3072314319844858,Cold_99,0.5297902597092796,-0.8484854245602722,0.25240953086434104,0.38843848064290015,-0.5927169852056803
NINGO/PRAMPRAM,GREATER ACCRA,Ningo-Prampram,Greater Accra,5.81176965,0.146110955005239,71636,62214,19.4,44.0,35619,92454,35324,35499,64008,63476,2539,3827,204673,45.17156635218129,17.402881669785465,55.55442251576669,35.000219862903265,True,38.9,13.4,95.8,8.7,91.3,79.2,4.4,84.6,1,0,Southern Belt,Q4 (highest),1.0520233342959848,0.8136949216600394,0.8560260445845048,0.12412412412412413,NS,-0.22567015169753307,0.7107107107107107,NS,-0.5513534753133114,0.4034034034034034,NS,1.7567579209949857,NS,0.5823167951339564,0.21766628856903453,0.5896539900652888,0.0980570220894939,-0.6509096982596094
EAST MAMPRUSI,NORTHERN EAST,East Mamprusi Municipal,North East,10.45279035,-0.416678651029704,27208,74804,54.7,47.4,98293,31628,44042,41952,44297,50910,2780,4025,188006,16.822867355297173,52.28184206887014,90.32319052170531,14.471878557067328,True,57.4,12.1,95.6,27.0,71.9,32.4,52.5,35.9,0,0,Northern Belt,Q1 (lowest),-1.0465038688365293,-0.41754276464956885,0.43696011861047424,0.18218218218218218,NS,-1.6196462547956145,0.0,LH,-1.5614653931423,0.0,LH,-1.4854025118600065,NS,0.5297380788275268,-0.9360570537350781,0.05583272685630333,0.8061651450639002,-0.5946500340392931
LA DADE-KOTOPON,GREATER ACCRA,La Dade-Kotopon Municipal,Greater Accra,5.58947605,-0.156988356399583,59055,43079,8.9,43.1,7669,51992,19006,19124,46798,49510,2295,3531,140264,37.06724462442252,5.467546911538243,39.59172654400465,42.102749101693945,True,38.9,13.4,95.8,8.7,91.3,79.2,4.4,84.6,1,0,Southern Belt,Q3,0.45209669884407316,0.41106586795643457,0.18584152191057773,0.5225225225225225,NS,-0.5356564285333985,0.01701701701701702,HL,-0.5674480533779879,0.005005005005005005,HL,0.9448452617286908,NS,0.5596039264655002,0.35123149645731455,0.543210771153598,0.26437292176571703,-0.6925725194900108
BAWKU WEST,UPPER EAST,Bawku West,Upper East,10.84277,-0.492947618512454,30266,55329,47.6,47.2,74798,18214,30246,28348,37320,39958,3215,5102,144189,12.632031569675911,51.87496965787959,75.82235565102616,20.99050551706441,True,62.3,3.2,99.2,2.0,97.7,55.2,25.9,56.8,0,0,Northern Belt,Q1 (lowest),-1.3567326698462012,-0.9637496957656636,1.307550697799613,0.015015015015015015,LL,-2.826102008969532,0.0,LH,-1.81415145846941,0.002002002002002002,LH,-2.545822929963646,Cold_95,0.4658127967342579,-0.8210636986212329,0.24016448157782286,0.20173202174551327,-0.46876574462959886
AOWIN,WESTERN NORTH,Aowin Municipal,Western North,5.69311555,-2.7557437678514,48339,36622,37.1,41.9,51625,44974,24663,23633,43488,37969,1980,1524,133257,33.74982177296502,38.740929181956666,59.29017763973631,36.275017447488686,True,48.8,10.8,98.6,11.1,87.9,47.8,14.0,71.1,1,0,Southern Belt,Q3,0.20652274503257095,0.4026011648272504,0.0831462977134343,0.7017017017017017,NS,0.02979013947148039,0.7657657657657657,NS,0.13021921154653668,0.2092092092092092,NS,0.818902816851664,NS,0.36731504722895025,-0.12672906240299053,0.6159751623027644,0.4496646914561307,-0.9012916039172701
DORMAA EAST,BONO,Dormaa East,Bono,7.26432845,-2.64146295349265,22570,22261,19.5,41.7,16759,9261,11782,11286,19943,21068,1611,2209,67899,13.639376132196352,24.6822486340005,56.24832362049206,33.240548461685734,True,49.66898148148148,9.783796296296297,98.6,9.3,89.7,61.5,11.8,77.4,0,0,Middle Belt,Q1 (lowest),-1.2821634641267738,-1.2378087327490435,1.5870731327078855,0.004004004004004004,LL,1.0678960322670783,0.03303303303303303,LL,0.776446414782544,0.13413413413413414,NS,-3.330501793665787,Cold_99,0.5742829860404133,-0.5899076329712791,0.47877276293388227,0.5288190173923624,1.2943633008006012
SUAMAN,WESTERN NORTH,Suaman,Western North,6.10824159999999,-3.00869712063798,12182,13089,37.5,41.3,19265,22574,6746,6251,13440,11022,421,388,38268,58.98923382460541,50.342322567157936,53.13138745809828,31.833385596320685,True,48.8,10.8,98.6,11.1,87.9,47.8,14.0,71.1,1,0,Southern Belt,Q4 (highest),2.0748833631780306,0.16658218770332966,0.3456386098674386,0.35935935935935936,NS,-0.4335137991240511,0.6606606606606606,NS,2.479814902709708,0.013013013013013013,HH,1.2354848720821063,NS,0.6961818962514443,-0.3473830621448023,1.004419204847898,0.8043903248747057,-0.4180543808173277
BEREKUM EAST MUNICIPAL,BONO,Berekum East Municipal,Bono,7.4848835,-2.56459096524003,35109,37059,12.6,41.7,15663,12247,17184,16900,31142,36153,1837,3036,106252,11.52637126830554,14.741369574219778,50.64863660004458,33.04314271731356,True,49.66898148148148,9.783796296296297,98.6,9.3,89.7,61.5,11.8,77.4,0,0,Middle Belt,Q1 (lowest),-1.4385797493225625,-1.345856019904523,1.9361212157385106,0.001001001001001001,LL,1.1054709998055638,0.056056056056056056,NS,0.2679348978421835,0.6616616616616616,NS,-3.638235166424934,Cold_99,0.6410391599766101,-0.7177638193909937,0.6091572745530609,0.1182264089937311,1.4349945792997676
BIA EAST,WESTERN NORTH,Bia East,Western North,6.817878,-3.00681786775424,20133,12438,32.9,41.5,22623,23293,10619,9883,16617,14414,918,622,53073,43.88860625930322,42.62619410999943,66.06941445651124,37.93454298795998,True,48.8,10.8,98.6,11.1,87.9,47.8,14.0,71.1,1,0,Southern Belt,Q4 (highest),0.9570515454412662,-0.8849268612407978,-0.8469206201529945,0.08408408408408409,NS,-0.3138172671119451,0.5195195195195195,NS,-0.07159520065729602,0.8878878878878879,NS,-1.1640223962847311,NS,0.7229140699668704,-0.2986578543822171,0.7599206125026222,0.888070436934706,0.5759416980044036
JAMAN SOUTH MUNICIPAL,BONO,Jaman South,Bono,7.62036559999999,-2.7963718064665,35814,35016,15.6,42.1,28919,9686,19952,18986,31156,34312,2169,3193,109768,8.824065301362873,26.3455651920414,59.47638540966579,32.62699511697399,True,49.66898148148148,9.783796296296297,98.6,9.3,89.7,61.5,11.8,77.4,0,0,Middle Belt,Q1 (lowest),-1.6386193554942532,-1.3959004160857509,2.287349440140593,0.005005005005005005,LL,1.6033815703535839,0.04504504504504504,LL,0.83134004597272,0.2962962962962963,NS,-3.25510921511654,Cold_99,0.5604259373394892,-0.660020507976687,0.8169769673820044,-0.048353403029765034,1.0747743844925517
BIA WEST,WESTERN NORTH,Bia West,Western North,6.56894165,-3.06628883975843,38243,33676,24.5,41.3,11991,8269,22464,21498,35895,33204,1596,1224,115881,7.135768590191661,10.34768426230357,63.62176008335866,33.001958906119214,True,48.8,10.8,98.6,11.1,87.9,47.8,14.0,71.1,0,0,Southern Belt,Q1 (lowest),-1.7635963985586054,0.6025590865104445,-1.062671034888583,0.13713713713713713,NS,0.2209540803880898,0.8788788788788788,NS,-1.7668784402424067,0.17217217217217218,NS,-0.3236897432379956,NS,0.7592945813172864,-0.26142000783592517,0.976214271978034,0.872661353041003,0.37535071644731993
SUNYANI WEST,BONO,Sunyani West Municipal,Bono,7.35779433737633,-2.34687996021684,40876,51557,17.6,43.1,28330,21227,22089,21500,42769,43997,2393,3274,136022,15.605563805854937,20.8275131963947,50.2374201876311,30.051021158342035,True,49.66898148148148,9.783796296296297,98.6,9.3,89.7,61.5,11.8,77.4,0,0,Middle Belt,Q1 (lowest),-1.1366153978790112,-1.0448134587293267,1.1875510651029795,0.008008008008008008,LL,0.7065171856437382,0.08608608608608609,NS,0.2274137041000961,0.5905905905905906,NS,-3.2150842997694795,Cold_99,0.7180387567250116,-0.7317413013350652,0.5142599941665492,0.16290761892718494,1.5220284287452224
ASUNAFO NORTH MUNICIPAL,AHAFO,Asunafo North Municipal,Ahafo,6.81509969999999,-2.67736640122449,51611,45446,26.1,42.0,39814,21534,27637,26564,46535,44897,2715,2910,151258,14.236602361527986,26.32191355167991,59.28012074547204,34.12117045048857,True,49.66898148148148,9.783796296296297,98.0,5.4,93.1,48.3,17.5,70.7,0,0,Middle Belt,Q1 (lowest),-1.2379534815517554,-0.15206907884008916,0.18825444558645676,0.43343343343343343,NS,0.34576608912082063,0.45345345345345345,NS,-0.24437460525449745,0.6096096096096096,NS,-0.825262994129947,NS,0.5259538055280295,-0.29475285309516863,0.5270934636186466,0.804043487282443,0.680914081625271
BODI,WESTERN NORTH,Bodi,Western North,6.24012575,-2.87347603617418,23327,18638,18.6,41.7,38497,24824,12137,11646,20465,19320,1051,1129,65748,37.75628155989536,58.55235140232402,59.77881110971472,35.479406217679625,True,48.8,10.8,98.6,11.1,87.9,47.8,14.0,71.1,1,0,Southern Belt,Q3,0.5031030167428858,0.39166429166097344,0.19704748668510125,0.5235235235235235,NS,0.036098333463750965,0.8838838838838838,NS,0.4400785745468719,0.07207207207207207,NS,0.9328564478320861,NS,0.623130724337607,-0.23881562497145548,0.9207766965537129,0.766806518512331,-0.21289453638777647
JUABOSO,WESTERN NORTH,Juaboso,Western North,6.3415722,-2.8235416,29440,27877,18.9,42.3,39907,30473,16061,15436,28339,26307,1322,1349,88814,34.311032044497495,44.93323124732587,57.638253486074,33.14792712860585,True,48.8,10.8,98.6,11.1,87.9,47.8,14.0,71.1,1,0,Southern Belt,Q3,0.24806662757962283,0.18465838701118942,0.045807583320158586,0.7947947947947948,NS,0.015822906119418993,0.8608608608608609,NS,0.10100412088365977,0.26926926926926925,NS,0.552224578323515,NS,0.5937709289938538,-0.19853999552099433,0.8698467168723768,0.7636924480819516,-0.06254063102097085
NKORANZA NORTH,BONO EAST,Nkoranza North,Bono East,7.7184776,-1.64389618122841,18832,16615,25.8,41.4,19620,10022,10941,10080,16455,15957,1348,1687,56468,17.748105121484734,34.745342494864346,64.85560903369122,33.34986186866898,True,49.66898148148148,9.783796296296297,99.4,15.6,84.2,44.9,24.0,57.8,0,0,Middle Belt,Q1 (lowest),-0.9780126614649471,-0.5993106455539986,0.5861333995025417,0.0920920920920921,NS,0.33445508535006985,0.37037037037037035,NS,-0.3983759502274865,0.27127127127127126,NS,-1.8542265491389327,NS,0.8307562330141229,-0.5743133100963534,0.8063688157691357,-0.02790108868625014,1.5002309530208442
KINTAMPO SOUTH,BONO EAST,Kintampo South,Bono East,7.94321545,-1.73400515142892,28927,25110,26.0,42.3,35811,16394,17639,16708,25454,24559,1961,2063,88384,18.54860608254888,40.51751448225923,68.67614420250734,32.72877443881245,True,49.66898148148148,9.783796296296297,99.4,15.6,84.2,44.9,24.0,57.8,0,0,Middle Belt,Q1 (lowest),-0.9187551610374506,-0.6107683255600368,0.5611465513064856,0.12512512512512514,NS,-0.10349404505205105,0.7587587587587588,NS,-0.6283016269497889,0.06406406406406406,NS,-1.861734320284412,NS,0.7739346221194591,-0.6043009621781924,0.7840322580254709,-0.013372457844951502,1.491699483126294
SHAMA,WESTERN,Shama,Western,5.0606463,-1.64288365568687,38185,36098,22.0,44.4,24535,35638,21733,21208,33497,35874,1980,2932,117224,30.40162424076981,20.930014331536203,61.90050597511929,32.5743874974408,True,48.8,10.8,95.2,13.7,85.3,65.4,9.7,76.9,1,0,Southern Belt,Q3,-0.04132932054352769,0.8028977159996249,-0.03318321706821476,0.8418418418418419,NS,0.004409741017309616,0.8338338338338338,NS,0.015757055016931518,0.45145145145145144,NS,1.4288606698805228,NS,0.6632897078968433,0.540470328242952,1.1131113007565472,-0.24655549722361597,-0.24842413357709164
TANO NORTH MUNICIPAL,AHAFO,Tano North Municipal,Ahafo,7.19329065,-2.2080833699397,31439,29602,21.6,42.3,22005,13235,16935,15862,27631,28903,1968,2539,93838,14.104094290159637,23.449988277670027,58.01287720663672,33.503484729001045,True,49.66898148148148,9.783796296296297,98.0,5.4,93.1,48.3,17.5,70.7,0,0,Middle Belt,Q1 (lowest),-1.2477624605257702,-0.7021955384668952,0.8761732328476712,0.024024024024024024,LL,0.40152054248754215,0.3913913913913914,NS,0.2769790813551964,0.5805805805805806,NS,-2.2090524004971894,Cold_95,0.67263359183686,-0.6530093344673156,0.5476505288285385,0.1313693798295028,1.397929397370708
WASSA EAST,WESTERN,Wassa East,Western,5.3622378,-1.62070954561049,37479,24536,38.0,42.0,31560,53204,19411,18215,29878,28067,1911,2159,99641,53.395690528999104,31.67370861392399,64.93398912762102,37.61403438343654,True,48.8,10.8,95.2,13.7,85.3,65.4,9.7,76.9,1,0,Southern Belt,Q4 (highest),1.660818408415221,0.8895327450696436,1.4773523578997882,0.002002002002002002,HH,-0.012260603603927119,0.982982982982983,NS,-0.5362540579859487,0.3983983983983984,NS,2.8271353260661476,Hot_99,0.5834814311019443,0.49076344054093096,1.0471750027839695,-0.21105679326596605,-0.24077901386131403
KETU NORTH,VOLTA,Ketu North Municipal,Volta,6.192057,0.981151401381816,38123,37133,27.2,44.3,36305,43719,20368,19369,30658,35821,2972,5805,114993,38.01883592914351,31.571486960075827,59.773763143248246,33.15245275799397,True,52.3,10.1,98.3,19.0,79.1,72.0,6.7,76.4,1,0,Middle Belt,Q3,0.5225387406266909,0.6269226403384267,0.3275913669528014,0.36036036036036034,NS,0.09577195118814934,0.7337337337337337,NS,0.032737215184879875,0.8988988988988988,NS,1.365747087731029,NS,0.4871054327889902,0.5045116495032828,0.18113129936446848,1.0518243953946902,-0.4538698063167558
MPOHOR,WESTERN,Mpohor,Western,4.9705877,-1.8927971,17795,16391,31.4,44.3,13671,25220,8995,8847,16862,15461,890,973,52028,48.47389866994696,26.276235872991467,55.19908424341799,34.202736987775815,True,48.8,10.8,95.2,13.7,85.3,65.4,9.7,76.9,1,0,Southern Belt,Q4 (highest),1.2964802034939897,0.1985626765305515,0.2574325792746407,0.3663663663663664,NS,-0.6540616299728325,0.21421421421421422,NS,-0.8823493039212266,0.0920920920920921,NS,0.951405987790712,NS,0.6297879173623075,0.4414506910797996,1.2335824215332303,-0.4778327635052794,-0.3306129334127567
WASSA AMENFI WEST,WESTERN,Wassa Amenfi West Municipal,Western,5.7735167,-2.5321498,48494,36169,24.9,42.0,39203,36463,23579,22758,43434,37508,1924,1797,131000,27.83435114503817,29.92595419847328,57.24716463640631,37.01832061068702,True,48.8,10.8,95.2,13.7,85.3,65.4,9.7,76.9,0,0,Southern Belt,Q2,-0.23137304811830012,0.10803464904160782,-0.024996306051147592,0.8588588588588588,NS,-0.09028947107422171,0.3483483483483483,NS,-0.06816320320241342,0.4794794794794795,NS,0.1594059760441634,NS,0.30044924228724157,0.10061370221463688,0.5462165523333528,0.3412188684686464,-0.6128583243857078
KETU SOUTH,VOLTA,Ketu South Municipal,Volta,6.07748514999999,1.0706219725046,74834,84471,25.6,45.4,76082,121139,47547,46270,68949,77440,4781,8135,253122,47.85794992138178,30.057442656110496,64.08746558826141,29.56439977560228,True,52.3,10.1,98.3,19.0,79.1,72.0,6.7,76.4,1,0,Middle Belt,Q4 (highest),1.2508842766847372,0.12550813356137475,0.15699615086797164,0.6506506506506506,NS,-0.12881600454857955,0.9029029029029029,NS,-0.05757586670496555,0.948948948948949,NS,0.870490162666548,NS,0.4445841637403366,0.5650255777654576,0.06743268279204687,1.2152635216838594,-0.42884441500851034
WASSA AMENFI CENTRAL,WESTERN,Wassa Amenfi Central,Western,5.7890318,-2.0839856,39525,34394,37.6,43.0,40255,55487,22543,21537,38197,32215,1827,1680,117999,47.02327985830389,34.11469588725328,62.60296540362438,33.496046576665904,True,48.8,10.8,95.2,13.7,85.3,65.4,9.7,76.9,1,0,Southern Belt,Q4 (highest),1.1890973906903635,0.20001752301103443,0.23784031470477077,0.3563563563563564,NS,0.34614027117419294,0.4094094094094094,NS,-0.15063627327602247,0.7537537537537538,NS,0.9280546889513016,NS,0.4299995160156649,0.4784660705456007,0.5718107695094428,0.34372979682019883,-0.33765107364615915
KETA MUNICIPAL,VOLTA,Keta Municipal,Volta,5.9215688,0.9910728,23209,31662,25.2,45.0,19817,21523,12367,11624,22241,25780,2378,4472,78862,27.29197839263524,25.12870584058228,49.95939276566502,29.42989018792321,True,52.3,10.1,98.3,19.0,79.1,72.0,6.7,76.4,0,0,Middle Belt,Q2,-0.27152247350394143,0.6038403677879626,-0.16395623026331732,0.5265265265265265,NS,-0.03623874577853819,0.7777777777777778,NS,-0.018951684016067893,0.8858858858858859,NS,1.1327222820549756,NS,0.42940297662118665,0.5803634613151667,0.06832983682449152,1.0424829914507374,-0.4430683649174832
KADJEBI,OTI,Kadjebi,Oti,7.7210325,0.534053201682814,27062,19482,27.2,41.5,21183,21373,14138,13277,21950,20709,1814,2071,73959,28.898443732338187,28.64154463959761,64.26545394875642,36.59054340918617,True,49.66898148148148,9.783796296296297,97.1,30.9,66.8,40.8,28.2,48.9,0,0,Northern Belt,Q2,-0.15260304031842953,0.9273433926936071,-0.14151542114425175,0.5915915915915916,NS,-0.10796298820026551,0.1781781781781782,NS,-0.07210731885537609,0.36036036036036034,NS,1.6030631710026448,NS,0.7250676290754088,-0.06860869673034059,1.2987097741314637,-0.23856633743174605,-0.4989553354384698
MFANTSEMAN MUNICIPAL,CENTRAL,Mfantsiman Municipal,Central,5.27644145,-1.03472089878279,53153,55811,24.0,44.8,39497,67043,30395,29546,44225,55585,3413,5741,168905,39.69272668067848,23.384150854030374,60.05510469892796,31.469169059530504,True,39.5,16.5,98.6,16.4,82.5,72.9,7.4,76.6,1,0,Southern Belt,Q3,0.6464493750284372,1.0544856642468068,0.6816715986287948,0.18118118118118118,NS,0.10165946556426347,0.7927927927927928,NS,-0.04972825888477588,0.9009009009009009,NS,1.916082461056659,NS,0.461911847868264,0.4842789056904589,-0.0013182694872231626,0.8582388658429105,-0.46989335878230415
SOUTH TONGU,VOLTA,South Tongu,Volta,5.96577275,0.641061228110148,33924,38903,32.4,45.2,32459,38843,20408,19879,29659,35644,2421,5103,113114,34.3396926994006,28.695828986686,61.69241841875564,29.99098254857931,True,52.3,10.1,98.3,19.0,79.1,72.0,6.7,76.4,1,0,Middle Belt,Q3,0.2501882474811348,0.6411784626644257,0.16041531589666086,0.4954954954954955,NS,0.09701170887574306,0.3033033033033033,NS,0.02441430981650285,0.7797797797797797,NS,1.6983991161367724,NS,0.5219560381870525,0.4034860906859596,0.35621803215794623,0.47453446915577996,-0.5286115560949766
EKUMFI,CENTRAL,Ekumfi,Central,5.28914455,-0.908864632637807,17067,18338,31.5,45.6,18491,33670,10736,10600,14073,16944,1575,2813,56741,59.33980719409245,32.58842812075924,68.78808395396074,30.07877901341181,True,39.5,16.5,98.6,16.4,82.5,72.9,7.4,76.6,1,0,Southern Belt,Q4 (highest),2.100834739382041,0.9381555112431212,1.970909688962268,0.009009009009009009,HH,-0.04451841369367155,0.973973973973974,NS,-0.43177394896654064,0.7007007007007007,NS,2.472008948102869,Hot_95,0.4590316960729942,0.42655265516371516,-0.18762303820947915,0.9627872856063631,-0.5404922440330449
TWIFO HEMANG LOWER DENKYIRA,CENTRAL,Twifo Heman Lower Denkyira,Central,5.49471475,-1.53636464977824,22649,19075,32.1,42.4,17101,36601,12495,11856,19039,19664,1349,1672,66075,55.3931138857359,25.881195611048053,62.91760328656694,34.27771471812334,True,39.5,16.5,98.6,16.4,82.5,72.9,7.4,76.6,1,0,Southern Belt,Q4 (highest),1.808678712365859,0.6945564366272088,1.2562294414643194,0.023023023023023025,HH,-0.0002241367690791177,0.998998998998999,NS,-0.5259507757130019,0.5065065065065065,NS,2.285348523227002,Hot_95,0.5831114192125759,0.4678942219036431,1.0077744283455712,-0.09569073487728853,-0.251248249403319
JASIKAN,OTI,Jasikan Municipal,Oti,7.40707195,0.466071316332564,22068,17426,30.2,42.2,14510,21967,10365,9836,18458,17401,1618,2017,59695,36.79872686154619,24.306893374654493,56.33453247441368,36.967920261328416,True,49.66898148148148,9.783796296296297,97.1,30.9,66.8,40.8,28.2,48.9,1,0,Northern Belt,Q3,0.4322195316420722,-0.13929887782492623,-0.060207695731755856,0.7887887887887888,NS,-0.027370136841883323,0.9029029029029029,NS,-0.10808352750124507,0.6676676676676677,NS,0.00720329474356185,NS,0.7864139376547706,0.01805402059426585,0.9384429922568466,-0.08176971583567016,-1.0725924367957684
TWIFO ATTI-MORKWA,CENTRAL,Twifo Ati Morkwa,Central,5.61529845,-1.57822136908747,31704,30813,34.1,42.7,27448,44389,19741,18593,28331,30151,1926,2109,100851,44.01443713993912,27.21638853357924,65.54837385862317,31.43647559270607,True,39.5,16.5,98.6,16.4,82.5,72.9,7.4,76.6,1,0,Southern Belt,Q4 (highest),0.9663662418947997,0.9425957361332988,0.9108926991531983,0.03203203203203203,HH,0.14478371582338728,0.6726726726726727,NS,-0.22717165248391208,0.5255255255255256,NS,2.8805468612955885,Hot_99,0.5990331506295586,0.46089087154227665,1.0125956351134544,-0.06759741960281115,-0.24270371519175396
KRACHI EAST MUNICIPAL,OTI,Krachi East Municipal,Oti,7.69817,0.22447,38222,26542,41.2,41.6,48059,50657,23489,22182,30990,30218,1707,1849,110435,45.87042151491828,43.51790646081405,74.61606325970462,34.610404310227736,True,49.66898148148148,9.783796296296297,97.1,30.9,66.8,40.8,28.2,48.9,1,0,Northern Belt,Q4 (highest),1.1037564515799339,0.781826018141027,0.862945511536209,0.05305305305305305,NS,0.9956269750995694,0.03903903903903904,HH,0.8674328877372702,0.05005005005005005,NS,2.2160139457799395,Hot_95,0.663241560001537,-0.2201245611533604,1.4544505278384192,-0.40546001251136654,-0.1992512066827234
AWUTU SENYA,CENTRAL,Awutu Senya West,Central,5.61965885,-0.520145612112832,54977,45374,22.5,44.5,40850,92561,30859,30250,45045,49125,2315,3866,161460,57.32751145794624,25.300383996036167,64.89221620473612,34.049919484702095,True,39.5,16.5,98.6,16.4,82.5,72.9,7.4,76.6,1,0,Southern Belt,Q4 (highest),1.951873499802244,1.1680139773671319,2.279815529821523,0.001001001001001001,HH,-1.4612084792762625,0.06106106106106106,NS,-1.6931683324928453,0.022022022022022022,HL,3.426466849110324,Hot_99,0.574090947721615,0.3471062020279896,0.34820084598356515,0.4895406303748059,-0.7119613039063855
NKWANTA SOUTH MUNICIPAL,OTI,Nkwanta South Municipal,Oti,8.25811615,0.509975335946734,47109,32265,42.8,41.8,60865,71074,29048,27514,36847,37565,2248,2714,135936,52.28489877589454,44.774746939736346,76.01193355910337,34.65527895480226,True,49.66898148148148,9.783796296296297,97.1,30.9,66.8,40.8,28.2,48.9,1,1,Northern Belt,Q4 (highest),1.5785914705525208,1.5809283338323858,2.4956399833426124,0.001001001001001001,HH,1.9126127246700433,0.009009009009009009,HH,1.7318716904586218,0.007007007007007007,HH,3.90943341529048,Hot_99,0.8464098201320854,-0.05434804807424774,1.9581835741281244,-0.6871935779744619,-0.34616073386356216
AWUTU SENYA EAST,CENTRAL,Awutu Senya East Municipal,Central,5.40379055,-0.518157686947431,84690,72118,10.6,42.9,24484,99262,39763,39956,72810,77543,2957,3498,236527,41.96645626080743,10.35146093257852,53.02122338762778,35.80563741137375,True,39.5,16.5,98.6,16.4,82.5,72.9,7.4,76.6,1,0,Southern Belt,Q4 (highest),0.8147633910258599,1.0037026383181449,0.8177801651776939,0.07507507507507508,NS,-0.6642675956518005,0.06506506506506507,NS,-0.7210199576561216,0.04004004004004004,HL,2.4047501572124124,Hot_95,0.50668742876531,0.3717678616647608,0.12824736561569838,0.6253561682262547,-0.6493657418471742
AFIGYA KWABRE SOUTH,ASHANTI,Afigya Kwabre South,Ashanti,6.83998064999999,-1.60957900170106,75019,72938,13.0,43.3,31504,58599,43742,42968,68528,72634,2797,3998,234667,24.97112930237315,13.424980930424816,61.42587948598065,31.968278454149925,True,52.9,7.5,100.0,7.1,91.3,61.5,9.0,79.8,0,0,Middle Belt,Q2,-0.4433245357719721,-0.3669676452619318,0.16268576097907966,0.4694694694694695,NS,0.3757529025984418,0.025025025025025027,LL,0.3696274109355067,0.03803803803803804,LL,-1.0796269248710955,NS,0.6452807589019358,-0.011158828139259365,1.1497865579721667,-0.49122122174190486,0.34087634075224793
LA-NKWANTANANG-MADINA,GREATER ACCRA,La Nkwantanang Madina Municipal,Greater Accra,5.74468145,-0.172508699400876,83831,74454,11.3,42.7,17028,77868,31134,31338,74729,76189,3177,4190,220757,35.27317367059708,7.713458689871669,41.39466465232776,37.97433376971059,True,38.9,13.4,95.8,8.7,91.3,79.2,4.4,84.6,1,0,Southern Belt,Q3,0.3192896623953672,0.3493831441980067,0.11155442615761346,0.6566566566566566,NS,-0.3813893062095979,0.006006006006006006,HL,-0.44019595538480455,0.001001001001001001,HL,0.8517867533379019,NS,0.5979738326021817,0.336301376070423,0.5615566345244674,0.2817379491969171,-0.7202500164934985
ATWIMA KWANWOMA,ASHANTI,Atwima Kwanwoma,Ashanti,6.65,-1.73333,74959,74937,13.8,43.3,31864,61419,42664,42286,68316,73750,3143,4687,234846,26.15288316598963,13.568040332813844,59.79615108470711,31.918363523330186,True,52.9,7.5,100.0,7.1,91.3,61.5,9.0,79.8,0,0,Middle Belt,Q2,-0.3558445907318591,-0.33773691561681696,0.12018185451270666,0.6016016016016016,NS,0.311812043790571,0.03003003003003003,LL,0.3320275333507189,0.023023023023023025,LL,-0.911026181910642,NS,0.5786482261243322,0.2177995083174028,0.9631768663454461,-0.19730541376867294,0.0449742320456886
SEKYERE SOUTH,ASHANTI,Sekyere South,Ashanti,6.99532965,-1.50292100938884,36646,41020,22.6,42.8,21298,32338,21744,20666,33678,37497,2643,3848,120076,26.93127685798994,17.737099836770046,59.58552862662452,30.519004630400747,True,52.9,7.5,100.0,7.1,91.3,61.5,9.0,79.8,0,0,Middle Belt,Q2,-0.2982235924070702,-0.139068593813032,0.041473535637922054,0.7617617617617618,NS,0.17262493656036673,0.1091091091091091,NS,0.16675784928855383,0.10710710710710711,NS,-0.47769280902384265,NS,0.7258981374218803,-0.19615621746285822,1.1112462839459398,-0.42574014391953613,0.7485268088269036
GA EAST,GREATER ACCRA,Ga East Municipal,Greater Accra,5.669162,-0.333376,110684,92554,10.1,41.8,18905,105771,39761,40380,96002,97660,4252,5324,283379,37.32492527674951,6.671277688184375,41.38189216263387,39.05864584178785,True,38.9,13.4,95.8,8.7,91.3,79.2,4.4,84.6,1,0,Southern Belt,Q3,0.4711716432952649,0.24887219040248365,0.11726151892243028,0.6066066066066066,NS,-0.5347845821052337,0.008008008008008008,HL,-0.6454007041628133,0.002002002002002002,HL,0.7072229866247981,NS,0.5916939286508578,0.3710398860355997,0.5134373878694026,0.3604924219641967,-0.7273231530193751
AYAWASO WEST,GREATER ACCRA,Ayawaso West Municipal,Greater Accra,5.62669775,-0.179111178909241,27690,33319,9.3,41.6,4076,26430,7177,7117,30110,27974,1327,1598,75303,35.09820325883431,5.412798958872821,24.60918669513119,36.77144336879009,True,38.9,13.4,95.8,8.7,91.3,79.2,4.4,84.6,1,0,Southern Belt,Q3,0.30633738656543125,0.4067079010548444,0.12458983550465302,0.5425425425425425,NS,-0.3712136268674234,0.001001001001001001,HL,-0.4042457926197293,0.0,HL,1.2054295598428761,NS,0.5713705962574591,0.3532016190266001,0.5453267230138117,0.2787682546008547,-0.7023770272557477
SEKYERE EAST,ASHANTI,Sekyere East,Ashanti,6.77947295,-1.29935419961981,23709,24423,17.3,42.5,12874,17639,13736,12921,20506,23780,1489,2357,74789,23.58501918731364,17.21376138202142,60.19283746556474,31.70118600328925,True,52.9,7.5,100.0,7.1,91.3,61.5,9.0,79.8,0,0,Middle Belt,Q2,-0.5459320587242329,-0.1182612612955735,0.06456261384641689,0.7407407407407407,NS,0.22427135376227283,0.3793793793793794,NS,0.3265455831537287,0.1931931931931932,NS,-0.4688229869861183,NS,0.727825372491842,0.0857386210082384,1.232421020865759,-0.4467377629144699,0.34082268121513043
GA SOUTH MUNICIPAL,GREATER ACCRA,Ga South Municipal,Greater Accra,5.669162,-0.333376,125103,103262,15.8,44.1,49991,179053,61267,60489,107044,111736,4181,5404,350121,51.14032006077899,14.278206677120195,55.65225340524728,35.73136144361521,True,38.9,13.4,95.8,8.7,91.3,79.2,4.4,84.6,1,0,Southern Belt,Q4 (highest),1.493863435235611,1.0538425521683825,1.5742968551797236,0.002002002002002002,HH,-1.3923171294190464,0.02002002002002002,HL,-1.4209275089443612,0.018018018018018018,HL,2.989346025162126,Hot_99,0.5916939286508578,0.3710398860355997,0.5134373878694026,0.3604924219641967,-0.7273231530193751
GA WEST MUNICIPAL,GREATER ACCRA,Ga West Municipal,Greater Accra,5.669162,-0.333376,110786,92906,10.5,43.3,35609,123514,55150,55457,97011,99245,3382,4054,314299,39.29824784679557,11.329657428117812,56.358531713680094,35.248600854600234,True,38.9,13.4,95.8,8.7,91.3,79.2,4.4,84.6,1,0,Southern Belt,Q3,0.6172478739629289,0.6749330939513909,0.4166010173087178,0.18518518518518517,NS,-0.6320028074083783,0.006006006006006006,HL,-0.6880544353341103,0.003003003003003003,HL,1.9146551341254898,NS,0.5916939286508578,0.3710398860355997,0.5134373878694026,0.3604924219641967,-0.7273231530193751
SEKYERE CENTRAL,ASHANTI,Sekyere Central,Ashanti,7.21625465,-1.09955606489201,23803,21724,39.8,42.4,24179,38329,14277,13424,20482,20859,1731,2455,73228,52.34200032774349,33.0187906265363,67.00611983261169,32.505325831649095,True,52.9,7.5,100.0,7.1,91.3,61.5,9.0,79.8,1,0,Middle Belt,Q4 (highest),1.5828184426583405,0.49213123777231976,0.7789543993543047,0.09009009009009009,NS,0.30069411644550725,0.7067067067067067,NS,0.5252982792672755,0.4444444444444444,NS,1.6669098669671825,NS,0.8905277466630018,-0.27072644028364745,1.1908410678132126,-0.231773824074277,1.2810206986467434
GA CENTRAL MUNICIPAL,GREATER ACCRA,Ga Central Municipal,Greater Accra,5.3203951,-2.0334832,135748,95640,8.3,42.6,23248,145106,50214,50630,106324,113999,5054,6011,332232,43.67610585374076,6.997519805437165,45.7709816950568,40.85939945580197,True,38.9,13.4,95.8,8.7,91.3,79.2,4.4,84.6,1,0,Southern Belt,Q4 (highest),0.9413210922801344,0.7947661104893207,0.7481301032330413,0.12012012012012012,NS,-1.1730451332146565,0.005005005005005005,HL,-1.2071738976660915,0.009009009009009009,HL,1.8570886830366389,NS,0.46509348035768194,0.4322256006439526,0.9344854604736678,-0.2677128452292306,-0.36610528083021415
OFFINSO NORTH,ASHANTI,Offinso North,Ashanti,7.27974815,-1.79832745610104,28302,22051,34.3,41.5,31198,27930,16942,16145,22483,24424,1532,1914,83440,33.47315436241611,37.38974113135187,70.53744643656597,33.918983700862896,True,52.9,7.5,100.0,7.1,91.3,61.5,9.0,79.8,1,0,Middle Belt,Q3,0.18604229591845342,-0.5594171248297328,-0.10407524627942355,0.5535535535535535,NS,-0.06972572153094371,0.25325325325325326,NS,-0.015583153174960809,0.8018018018018018,NS,-1.5606526275782588,NS,0.8084782337139443,-0.6155266014362303,0.7213353561556645,-0.09431617641782108,1.4125134751989905
KRACHI WEST,OTI,Krachi West Municipal,Oti,7.8,-0.01667,20533,17593,37.4,41.7,25155,15465,11860,11142,18268,17444,1081,1333,61128,25.29937180997252,41.15135453474676,64.40972222222221,33.590171443528334,True,49.66898148148148,9.783796296296297,97.1,30.9,66.8,40.8,28.2,48.9,0,0,Northern Belt,Q2,-0.4190262132458689,1.3976480705320207,-0.5856511784454277,0.2172172172172172,NS,-0.5727024079755556,0.014014014014014014,LH,-0.513405694609509,0.02902902902902903,LH,1.8979831333350115,NS,0.6625311661310109,-0.30260314194199167,1.5786006883554113,-0.5044170537208063,0.1418689370415499
OFFINSO MUNICIPAL,ASHANTI,Offinso Municipal,Ashanti,7.05794129999999,-1.73462655987467,42048,43960,23.5,42.8,34107,42296,26183,25081,38040,42369,2346,3253,137272,30.81181887056356,24.84629057637392,63.75405738163639,30.63115566175185,True,52.9,7.5,100.0,7.1,91.3,61.5,9.0,79.8,1,0,Middle Belt,Q3,-0.01096444950321402,-0.1217506361303184,0.0013349287018350605,0.987987987987988,NS,0.0030857138242476687,0.47647647647647645,NS,0.001926064720455598,0.7107107107107107,NS,-0.28355228886747297,NS,0.6911967012002156,-0.3829695884501346,0.9546667618760027,-0.3331059300110415,0.969883402824119
OBUASI MUNICIPAL,ASHANTI,Obuasi Municipal,Ashanti,6.211542,-1.6894045,36104,34814,11.1,42.8,12845,20504,16924,16455,33517,34084,1444,1873,104297,19.659242355964217,12.315790482947737,49.37648851348353,34.61652780041612,True,52.9,7.5,100.0,7.1,91.3,61.5,9.0,79.8,0,0,Middle Belt,Q1 (lowest),-0.8365397326396966,-0.03652392682035449,0.030553715977251192,0.8718718718718719,NS,0.18566661788207248,0.6636636636636637,NS,0.3266201380148968,0.43843843843843844,NS,-0.4428811672755193,NS,0.6765312599343377,0.5651445222522676,0.7240582174806938,0.3929717684368254,-0.1329255104884306
KRACHI NCHUMURU,OTI,Krachi Nchumuru,Oti,8.1892008,-0.0866133771431008,28802,17142,47.2,40.8,38203,47974,17598,16392,21445,21370,1324,1805,79934,60.01701403658017,47.79317937298271,79.388064930515,36.03222658693422,True,49.66898148148148,9.783796296296297,97.1,30.9,66.8,40.8,28.2,48.9,1,1,Northern Belt,Q4 (highest),2.150965328488234,1.157887117850921,2.490575044800501,0.0,HH,3.049110406787046,0.0,HH,2.8272992179657206,0.001001001001001001,HH,3.479367265754207,Hot_99,0.7472060792076984,-0.20320834749108854,1.9048848056562422,-0.7350893612522644,-0.014074847178706409
KWABRE EAST,ASHANTI,Kwabre East,Ashanti,6.7897864,-1.53792852576917,99847,89434,10.6,43.3,38251,72440,54194,53339,85713,93804,3777,5987,296814,24.40585686658985,12.887195347928332,59.90129068556181,33.63958573382657,True,52.9,7.5,100.0,7.1,91.3,61.5,9.0,79.8,0,0,Middle Belt,Q2,-0.485169122142677,-0.45431627081364045,0.22042022628578864,0.4174174174174174,NS,0.45098697456179015,0.01901901901901902,LL,0.41213273806118045,0.02902902902902903,LL,-1.227976126457145,NS,0.6671743486570487,0.0701497536359196,1.18447789115206,-0.4931704518876163,0.24429924021942956
AGOTIME ZIOPE,VOLTA,Agortime-Ziope,Volta,6.42618935,0.732357165932429,15226,10905,25.7,43.4,11971,10152,6706,6716,11021,12218,1064,1828,39553,25.66682678937122,30.265719414456555,57.75635784672318,38.49518367759715,True,52.3,10.1,98.3,19.0,79.1,72.0,6.7,76.4,0,0,Middle Belt,Q2,-0.39182516707865583,-0.001970168207553913,0.0007719614870978678,0.988988988988989,NS,-0.07676723016499487,0.6276276276276276,NS,0.03369302611835982,0.8388388388388388,NS,-0.16558968909086547,NS,0.6156933311989456,0.328804536287636,0.4091479333113588,0.7174538643395633,-0.5367000010091263
ADAKLU,VOLTA,Adaklu,Volta,6.4470511,0.6286474,12326,12465,33.2,43.6,11060,10446,7153,6705,10721,11393,1089,1588,38649,27.02786618023752,28.61652306657352,62.66618431762684,31.892157623741884,True,52.3,10.1,98.3,19.0,79.1,72.0,6.7,76.4,0,0,Middle Belt,Q2,-0.29107351753799204,-0.4106227967947335,0.1195214218443312,0.6386386386386387,NS,0.044583363749630484,0.7617617617617618,NS,0.10570927402143898,0.44844844844844844,NS,-0.8714721234728965,NS,0.6423960527897343,0.2805092742623165,0.4428802580354335,0.624256902746288,-0.5716600706670631
EJURA-SEKYEDUMASE,ASHANTI,Ejura Sekyedumase Municipal,Ashanti,7.38567515,-1.39945747215309,43982,38761,25.0,42.2,49399,46225,28117,26812,38155,39464,2279,2845,137672,33.57618106804579,35.88166075890523,70.7674667285072,31.946946365273988,True,52.9,7.5,100.0,7.1,91.3,61.5,9.0,79.8,1,0,Middle Belt,Q3,0.19366890144404647,-0.14177845188912114,-0.027458077025803686,0.8198198198198198,NS,-0.012424009094038943,0.8508508508508509,NS,0.0030516186029872273,0.9619619619619619,NS,-0.3483713612319433,NS,0.8480791987135916,-0.4389240427806751,0.988337055723232,-0.157734162099616,1.4143012354333238
ATWIMA NWABIAGYA SOUTH,ASHANTI,Atwima Nwabiagya South Municipal,Ashanti,7.0689359,-2.0226618,54304,50942,12.5,43.0,22396,37941,28597,28050,47365,52189,2372,3320,161893,23.43584960436832,13.833828516365749,56.90077746750507,33.54314269301329,True,52.9,7.5,100.0,7.1,91.3,61.5,9.0,79.8,0,0,Middle Belt,Q2,-0.5569744147676299,-0.25701440302671075,0.14315044671265398,0.5245245245245245,NS,0.35316535994431697,0.08708708708708708,NS,0.3602348114091507,0.08808808808808809,NS,-0.8444885350606036,NS,0.6178131786071852,-0.5085990893675587,0.7301842359245236,-0.09295580656355182,1.1304848296713579
AKATSI SOUTH,VOLTA,Akatsi South Municipal,Volta,8.25846,0.508747,28601,32012,30.1,44.5,26836,28973,15952,15568,24603,29179,2342,4489,92133,31.44692998165695,29.127457045792493,58.60696887434458,31.04316585805304,True,52.3,10.1,98.3,19.0,79.1,72.0,6.7,76.4,1,0,Middle Belt,Q3,0.03604998116916669,0.27500661874472576,0.009913983427143567,0.928928928928929,NS,0.009064393891506154,0.5415415415415415,NS,0.004895122872012068,0.7297297297297297,NS,0.6447944082031326,NS,0.8463866867374903,-0.05479619041679007,1.959441814564738,-0.6883489008682788,-0.3454804807555755
ATWIMA MPONUA,ASHANTI,Atwima Mponua,Ashanti,6.5558963,-2.17659077213842,54588,42035,25.1,42.4,45371,37467,30112,28519,47076,43265,3047,3235,155254,24.132711556546045,29.223723704381204,64.89965796260833,35.16044675177451,True,52.9,7.5,100.0,7.1,91.3,61.5,9.0,79.8,0,0,Middle Belt,Q2,-0.5053888459331053,0.0703600182717946,-0.03555916843421447,0.7757757757757757,NS,0.009457019194284952,0.9519519519519519,NS,0.10245315296623869,0.5475475475475475,NS,0.04115144340472886,NS,0.3591288275127619,0.14721376376628711,0.3918293355365925,0.5014783739242277,0.05330432434130085
AKATSI NORTH,VOLTA,Akatsi North,Volta,6.3108306,0.876439062223793,10667,10630,39.3,44.4,11624,16744,5827,5631,8505,10014,913,1865,32755,51.1189131430316,35.48771179972523,61.8715913386252,32.56602045489238,True,52.3,10.1,98.3,19.0,79.1,72.0,6.7,76.4,1,0,Middle Belt,Q4 (highest),1.4922787770037444,0.055587853229047676,0.08295257363290691,0.7387387387387387,NS,0.00906145050884068,0.985985985985986,NS,0.1311142260904767,0.8838838838838838,NS,0.8343674845965946,NS,0.547185482937936,0.4269486643817382,0.2986261434076295,0.8928959486771303,-0.48807255180653736
HO MUNICIPAL,VOLTA,Ho Municipal,Volta,6.6126598,0.4688932,61676,68181,12.5,42.1,19028,24246,25031,25254,55464,63965,4215,6213,180142,13.459382043054925,10.56277825271175,42.10451397901682,34.23743491245795,True,52.3,10.1,98.3,19.0,79.1,72.0,6.7,76.4,0,0,Middle Belt,Q1 (lowest),-1.2954876202902672,-0.22881954788302922,0.2964328915628804,0.45345345345345345,NS,-0.12987736503740116,0.8568568568568569,NS,0.27339848828841573,0.7267267267267268,NS,-0.9967626926455705,NS,0.7109235006015681,0.17983583821684945,0.5055888834796878,0.5048586958932785,-0.6124784407278867
ADANSI SOUTH,ASHANTI,Adansi South,Ashanti,6.00427495,-1.39314032189093,29633,24270,35.0,43.2,23064,39272,16212,15085,24648,25348,1692,2215,85200,46.093896713615024,27.070422535211268,62.59900792063365,34.78051643192489,True,52.9,7.5,100.0,7.1,91.3,61.5,9.0,79.8,1,0,Middle Belt,Q4 (highest),1.1202993195169109,0.7323724852028352,0.8204763968056451,0.06406406406406406,NS,0.2164371803921114,0.6396396396396397,NS,-0.14844747927866697,0.7547547547547547,NS,2.1088681512626537,Hot_95,0.6902304135425752,0.3965024921784951,1.192160397682804,-0.1679839176232922,-0.19924376815393519
HOHOE MUNICIPAL,VOLTA,Hohoe Municipal,Volta,7.153187,0.477735,37248,39037,18.8,42.8,18377,22140,19113,19074,33152,36705,2628,3800,114472,19.340974212034386,16.05370745684534,54.66452896631691,32.53896149276679,True,52.3,10.1,98.3,19.0,79.1,72.0,6.7,76.4,0,0,Middle Belt,Q1 (lowest),-0.8600996977019612,0.011730340212904672,-0.010089262071060466,0.91991991991992,NS,-0.15923959332111168,0.7017017017017017,NS,0.32732085109714515,0.45345345345345345,NS,-0.3665055791762991,NS,0.8284191231710606,0.06497000145701788,0.7332252041083207,0.16452330538759313,-0.8964375603808097
ADANSI ASOKWA,ASHANTI,Adansi Asokwa,Ashanti,6.2467263,-1.50841,23550,21838,32.4,43.3,20304,36029,13691,12765,20664,21335,1589,1800,71844,50.14893380101331,28.261232670786708,62.99197599942856,32.77935526975113,True,52.9,7.5,100.0,7.1,91.3,61.5,9.0,79.8,1,0,Middle Belt,Q4 (highest),1.420475551186373,0.3685095927672919,0.5234588669035848,0.17017017017017017,NS,-0.0846701871597908,0.8778778778778779,NS,-0.47044138026508603,0.3963963963963964,NS,1.3887708795967186,NS,0.7048860405575459,0.4581441087914366,1.0550638998709898,-0.03377153753394941,-0.10256715601758006
HO WEST,VOLTA,Ho West,Volta,6.590707,0.46714,28395,28088,27.9,42.7,15702,25710,13846,12843,23357,25820,2929,4377,83172,30.911845332563843,18.87894964651565,54.271305691685136,34.14009522435435,True,52.3,10.1,98.3,19.0,79.1,72.0,6.7,76.4,1,0,Middle Belt,Q3,-0.0035599385743785763,-0.3430190282933756,0.0012211266705674441,0.986986986986987,NS,-0.00038966858780023635,0.7747747747747747,NS,0.0013486968582402882,0.2862862862862863,NS,-0.8619146502222497,NS,0.7048648578854516,0.1856952177358179,0.5002420360714551,0.5070330600136135,-0.6145700405792455
BOSOME FREHO,ASHANTI,Bosome Freho,Ashanti,6.3681227,-1.36632312680072,22887,15579,31.3,41.0,17772,30539,12446,11347,17554,17537,1427,1948,62259,49.05154274883953,28.545270563292053,67.803710353082,36.76095022406399,True,52.9,7.5,100.0,7.1,91.3,61.5,9.0,79.8,1,0,Middle Belt,Q4 (highest),1.3392406071872145,0.014069890312235489,0.018842968444815762,0.8698698698698699,NS,-0.5207353774990028,0.2122122122122122,NS,-0.7134234760635644,0.0980980980980981,NS,0.47181877820912144,NS,0.6990835421794962,0.3317931215132444,1.2920912017953436,-0.3905300272584198,-0.05629633385854697
AFADZATO SOUTH,VOLTA,Afadzato South,Volta,7.0222497,0.561946,21981,25555,32.5,43.7,14099,21171,13038,12572,20683,21229,2360,3264,73146,28.94348289721926,19.27514833347005,61.10421836228288,30.05085718973013,True,52.3,10.1,98.3,19.0,79.1,72.0,6.7,76.4,0,0,Middle Belt,Q2,-0.1492689926882477,-0.6073520215368544,0.09065882446197718,0.6936936936936937,NS,0.019367249949569076,0.7837837837837838,NS,0.10305855306699195,0.11211211211211211,NS,-1.31343060129167,NS,0.8068134001653858,0.09151491651890002,0.6466429521496172,0.3316582792371398,-0.6891173329979533
AHAFO ANO SOUTH EAST,ASHANTI,Ahafo Ano South East,Ashanti,6.94633355,-1.90095355028736,20560,17723,31.8,42.5,20459,20524,12966,12219,17786,17591,1319,1587,63468,32.337555933698866,32.235142118863045,71.1903213952568,32.394277431146406,True,52.9,7.5,100.0,7.1,91.3,61.5,9.0,79.8,1,0,Middle Belt,Q3,0.10197903097780803,-0.2694746989115967,-0.027480768668041212,0.8348348348348348,NS,-0.030974612278773503,0.4264264264264264,NS,-0.022588977371835607,0.5865865865865866,NS,-0.6395627316104088,NS,0.5531949469055668,-0.2960074044326445,0.9012965142006214,-0.27279909217751236,0.7509937102085149
NORTH DAYI,VOLTA,North Dayi,Volta,6.91384645,0.22267318926127,12527,14591,30.1,43.6,7589,8976,6244,5906,11277,11896,1554,2391,39268,22.858307018437404,19.326168890699808,52.4317093168774,31.90129367423857,True,52.3,10.1,98.3,19.0,79.1,72.0,6.7,76.4,0,0,Middle Belt,Q2,-0.5997273053915255,-0.11337531870543288,0.06799427438511468,0.7507507507507507,NS,-0.2570727550213447,0.40540540540540543,NS,0.14826823087698698,0.6166166166166166,NS,-0.47469802539406897,NS,0.8198148425355296,0.09259460512302002,0.5553388241394629,0.42679684240562205,-0.6365744851488144
BEKWAI MUNICIPAL,ASHANTI,Bekwai Municipal,Ashanti,6.43631235,-1.59282285301503,44017,45866,19.4,43.6,24658,38214,24713,23371,38899,43202,3004,4778,137967,27.69792776533519,17.872389774366333,58.56688712683159,31.904006030427567,True,52.9,7.5,100.0,7.1,91.3,61.5,9.0,79.8,0,0,Middle Belt,Q2,-0.24147185983031005,0.2764147349358839,-0.06674638012947007,0.7197197197197197,NS,0.07483967606390954,0.4774774774774775,NS,0.11913133446276446,0.21921921921921922,NS,0.5418954554185628,NS,0.673556194365032,0.4106062976181962,0.9892619803683826,-0.05753835107579207,-0.061667051805385585
KPANDO MUNICIPAL,VOLTA,Kpando Municipal,Volta,7.0000115,0.318327973849328,18561,21639,23.4,43.4,10992,11556,9306,9046,18573,18164,1415,2048,58552,19.73630277360295,18.77305642847384,49.95508615292484,31.70002732613745,True,52.3,10.1,98.3,19.0,79.1,72.0,6.7,76.4,0,0,Middle Belt,Q1 (lowest),-0.8308352951021076,0.05097019272948297,-0.04234783511781129,0.8258258258258259,NS,-0.3233959284653237,0.37737737737737737,NS,0.1909094217039304,0.5965965965965966,NS,-0.2374477566577535,NS,0.8261300403777037,0.0619755806123766,0.6272377307782481,0.3373386736122585,-0.6723699237225431
BOSOMTWE,ASHANTI,Bosomtwi,Ashanti,6.1777503,-0.1969922,52679,52871,16.1,43.8,22913,46767,30581,29049,47098,51530,2749,4173,165180,28.312749727569926,13.871534084029545,60.45950440037312,31.89187552972515,True,52.9,7.5,100.0,7.1,91.3,61.5,9.0,79.8,0,0,Middle Belt,Q2,-0.19595934396583545,-0.35104819605692306,0.06879117419970462,0.7037037037037037,NS,0.1858651709666832,0.012012012012012012,LL,0.18829628381264862,0.01001001001001001,LL,-0.9510216849651327,NS,0.6403700391409516,0.2682437731000512,0.5646505475770989,0.3392306904958928,-0.76446948905754
NORTH TONGU,VOLTA,North Tongu,Volta,6.14399495,0.297188924896433,33245,36059,38.4,45.4,34242,45575,21452,20654,29254,33512,2535,4003,111410,40.9074589354636,30.73512252042007,67.08409011248128,29.840229781886723,True,52.3,10.1,98.3,19.0,79.1,72.0,6.7,76.4,1,0,Middle Belt,Q4 (highest),0.7363705626451689,0.10613174519462265,0.07815229292347797,0.6566566566566566,NS,0.0657414128888318,0.8268268268268268,NS,-0.19592479656545564,0.5025025025025025,NS,0.5302232235215225,NS,0.6181148438518935,0.20829069269088432,0.5159323900888585,0.2668912204589361,-0.6489468391237653
CENTRAL TONGU,VOLTA,Central Tongu,Volta,6.16884364999999,0.611561745917151,24532,28243,36.0,44.4,29161,26329,15476,15033,21648,25244,2067,3816,83284,31.613515200999,35.01392824552135,65.06227074980806,29.45583785601076,True,52.3,10.1,98.3,19.0,79.1,72.0,6.7,76.4,1,0,Middle Belt,Q3,0.04838153876436751,0.05602502968708326,0.002710577145580459,0.973973973973974,NS,0.01330419676480438,0.5005005005005005,NS,-0.004297495503268868,0.8328328328328328,NS,0.14705261679301482,NS,0.5738701142918331,0.34958559913452014,0.36994414899482486,0.567922727213802,-0.5668640198963631
MAMPONG MUNICIPAL,ASHANTI,Mampong Municipal,Ashanti,7.056139,-1.40425,35620,41077,22.5,42.6,24107,34749,20344,19591,34298,36738,2323,3338,116632,29.79371013101036,20.66928458742026,56.21797398502167,30.54050346388641,True,52.9,7.5,100.0,7.1,91.3,61.5,9.0,79.8,0,0,Middle Belt,Q2,-0.08633047903191217,0.45868485476121545,-0.03959848323621879,0.8418418418418419,NS,-0.0015405589099589969,0.968968968968969,NS,0.013406539584681585,0.7577577577577578,NS,0.7880210307599443,NS,0.7733558272303301,-0.23645709184732566,1.1039907942108111,-0.3576136246189464,0.9256794866044906
AJUMAKO-ENYAN-ESSIAM,CENTRAL,Ajumako Enyan Essiam,Central,5.41243515,-0.984801059019988,38466,38589,29.6,43.5,29157,49126,22490,21041,31659,36846,3112,5438,120586,40.739389315509264,24.179423813709715,63.54426684183636,31.899225449057106,True,39.5,16.5,98.6,16.4,82.5,72.9,7.4,76.6,1,0,Southern Belt,Q3,0.723929121521783,0.8909410951310357,0.644978204325866,0.0920920920920921,NS,0.024132371791114226,0.9359359359359359,NS,-0.08035627933134479,0.8058058058058059,NS,2.3211270982507686,Hot_95,0.47713404793991576,0.37627054402088395,0.08492286581855711,0.7201941573078959,-0.5392259301463188
GOMOA WEST,CENTRAL,Gomoa West,Central,5.38725545,-0.833638570821268,41686,40125,28.3,44.4,39425,65362,24256,23445,32103,40607,3061,6040,129512,50.46791030946939,30.44119463833467,65.60445605831386,32.18697881277411,True,39.5,16.5,98.6,16.4,82.5,72.9,7.4,76.6,1,0,Southern Belt,Q4 (highest),1.4440879533015067,0.9578985452762059,1.383289749718407,0.008008008008008008,HH,-0.3795648556742489,0.5135135135135135,NS,-0.6100098872557941,0.2982982982982983,NS,2.7501654468654237,Hot_99,0.48300805952184844,0.3606616468196445,-0.10983117572045725,0.8577007770480773,-0.5964809294677605
AGONA WEST MUNICIPAL,CENTRAL,Agona West Municipal,Central,4.8901537,-1.9664135,47040,43603,21.0,43.7,26617,49785,23329,22597,39083,44191,2961,4408,136569,36.45410012521143,19.48978172205992,55.150467132598415,34.44412714452035,True,39.5,16.5,98.6,16.4,82.5,72.9,7.4,76.6,1,0,Southern Belt,Q3,0.4067083580533033,0.7613755181046533,0.30965778683032663,0.3283283283283283,NS,-0.06204300589588299,0.7017017017017017,NS,-0.14639251824964164,0.37037037037037035,NS,1.9025247308125526,NS,0.6171961816049992,0.466292060953339,1.1464937309059569,-0.37065487012640097,-0.3484221617882372
AGONA EAST,CENTRAL,Agona East,Central,5.63553575,-0.654757357749996,32681,31928,25.9,43.6,22438,53181,17280,16748,27957,31096,2242,3314,98637,53.91587335381246,22.748056003325324,57.62281340490746,33.13259730121557,True,39.5,16.5,98.6,16.4,82.5,72.9,7.4,76.6,1,0,Southern Belt,Q4 (highest),1.6993252128577503,0.931171725883016,1.582363591293275,0.004004004004004004,HH,-0.6222797377886286,0.4084084084084084,NS,-0.7826111255562682,0.3153153153153153,NS,2.619904809322277,Hot_99,0.5673778348568965,0.3101415340363844,0.2751886554154715,0.5392630226921217,-0.7007574634316887
ASSIN NORTH,CENTRAL,Assin North,Central,5.82545685,-1.37392719579152,29624,21458,31.9,42.0,22155,38011,15174,14283,23465,23635,1830,2152,80539,47.19576850966613,27.50841207365376,62.54140127388536,36.782180061833394,True,39.5,16.5,98.6,16.4,82.5,72.9,7.4,76.6,1,0,Southern Belt,Q4 (highest),1.2018659529145097,0.42100358154073325,0.5059898707088749,0.15215215215215216,NS,0.12980011915669062,0.7777777777777778,NS,-0.41373456704044864,0.34034034034034033,NS,1.5473834611864046,NS,0.6528812219409841,0.3802345196788253,1.1278303115214647,-0.11384307876789006,-0.26584055775400367
ASSIN SOUTH,CENTRAL,Assin South,Central,5.52889644999999,-1.2709401638536,35793,29955,27.4,41.7,27205,38472,20688,19559,29056,31148,2339,3205,105995,36.29605170055192,25.66630501438747,66.85103979802007,33.76857398933912,True,39.5,16.5,98.6,16.4,82.5,72.9,7.4,76.6,1,0,Southern Belt,Q3,0.3950087411292011,0.7536912935317966,0.2977146490580342,0.32232232232232233,NS,0.026384395696073412,0.8708708708708709,NS,-0.13399459898648658,0.4084084084084084,NS,1.8804189566486806,NS,0.546521976662027,0.41194188374141316,0.7678656595557624,0.1952039045577092,-0.3676009599832314
ASIKUMA-ODOBEN-BRAKWA,CENTRAL,Asikuma Odoben Brakwa,Central,5.62649825,-1.02551876426311,43495,36507,29.0,42.3,32209,46532,24263,22728,34621,38201,2939,4241,126993,36.64138968289591,25.36281527328278,64.52857652907088,34.24991928688983,True,39.5,16.5,98.6,16.4,82.5,72.9,7.4,76.6,1,0,Southern Belt,Q3,0.42057256507411706,0.6420648983997119,0.2700348812640192,0.3053053053053053,NS,-0.03080208441972891,0.8378378378378378,NS,-0.14511774239320152,0.34034034034034033,NS,1.7616940818707139,NS,0.5278815052146314,0.28376479421241235,0.5063400816300626,0.3196872316482669,-0.5477884605084877
EFFUTU MUNICIPAL,CENTRAL,Effutu Municipal,Central,5.38339225,-0.597395635326539,27520,52842,21.7,44.2,20228,32581,14186,14268,39432,36492,1613,2825,108816,29.94136891633584,18.5891780620497,37.47695063484537,25.29039847081312,True,39.5,16.5,98.6,16.4,82.5,72.9,7.4,76.6,0,0,Southern Belt,Q2,-0.07539996056892802,0.9700365980314255,-0.07314072124198656,0.7627627627627628,NS,0.07279742259504472,0.07807807807807808,NS,0.07084494693125412,0.10710710710710711,NS,1.4256354981269745,NS,0.49787626939736707,0.36635721265807986,0.005437201761485609,0.7315474744851214,-0.6370872759656643
GOMOA EAST,CENTRAL,Gomoa East,Central,5.47699369999999,-0.589745989100534,101923,95607,14.4,43.7,43210,137369,55840,55327,93198,96950,3200,4182,308697,44.49962260728157,13.997544517763377,58.463407451038144,33.017165699699056,True,39.5,16.5,98.6,16.4,82.5,72.9,7.4,76.6,1,0,Southern Belt,Q4 (highest),1.002282348729001,0.9975395269617809,0.9998162600332703,0.015015015015015015,HH,-0.5885490110217271,0.0890890890890891,NS,-0.6487906723710072,0.055055055055055056,NS,3.041541579783144,Hot_99,0.5264825950149902,0.34909718132128686,0.12308260863992684,0.644755272343768,-0.6648924447841112
ABURA-ASEBU-KWAMANKESE,CENTRAL,Abura Asebu Kwamankese,Central,5.2698722,-1.18890498156872,39299,40203,28.0,44.1,33503,44229,22987,21976,33681,37927,2976,4918,124465,35.53529104567549,26.917607359498653,62.790470338509664,31.574338167356288,True,39.5,16.5,98.6,16.4,82.5,72.9,7.4,76.6,1,0,Southern Belt,Q3,0.3386930375582342,0.663830477692919,0.22483476091354837,0.42042042042042044,NS,-0.06006169393332499,0.7037037037037037,NS,-0.1613919866640948,0.2832832832832833,NS,1.5079354171768622,NS,0.5029412781151098,0.5601311761603869,0.33153140854833596,0.6372717827922817,-0.36661849857427997
JOMORO,WESTERN,Jomoro Municipal,Western,5.199616,-2.61473434715296,39912,40959,31.2,43.7,36331,40184,23402,22303,37306,38855,1941,2769,126576,31.74693464795854,28.70291366451776,60.011029266947645,31.53204398938188,True,48.8,10.8,95.2,13.7,85.3,65.4,9.7,76.9,1,0,Southern Belt,Q3,0.05825798279103213,-0.024742574922182656,-0.0014414525040223403,0.98998998998999,NS,0.018113725599763663,0.5945945945945946,NS,0.010370935793064388,0.7657657657657657,NS,-0.008031519956572095,NS,0.23925710938417788,0.1529417149042198,0.5473910443600362,0.04699600333702296,-0.6803607029962649
ELLEMBELLE,WESTERN,Ellembelle,Western,5.14952214999999,-2.42142536190491,35570,42516,33.3,42.8,31771,36622,21811,20996,37019,36768,1756,2543,120893,30.29290364206365,26.28026436600961,58.01428435903343,29.42271264672065,True,48.8,10.8,95.2,13.7,85.3,65.4,9.7,76.9,1,0,Southern Belt,Q3,-0.04937741946866029,0.5895282162972788,-0.02910938202472183,0.8588588588588588,NS,-0.01978882793066711,0.45345345345345345,NS,-0.009258122191205934,0.7027027027027027,NS,1.0405643920324366,NS,0.3036496945172512,0.2804909433375103,0.662990447833338,-0.05810156906070278,-0.5643850645982437
DORMAA MUNICIPAL,BONO,Dormaa Central Municipal,Bono,7.23948645,-2.85657511014467,39452,35163,15.8,41.7,24994,19538,19428,18659,33320,35322,2360,3613,112702,17.335983389824495,22.177068729924933,55.48643687538242,35.00558996291104,True,49.66898148148148,9.783796296296297,98.6,9.3,89.7,61.5,11.8,77.4,0,0,Middle Belt,Q1 (lowest),-1.0085201872242826,-1.2206531246441503,1.231053317802024,0.012012012012012012,LL,0.4962907297417908,0.23123123123123124,NS,0.20845421551708732,0.6496496496496497,NS,-3.1864912455548304,Cold_99,0.608798032227589,-0.4870360769487004,0.5325990709807228,0.7236104855627113,0.9859682728404731
DORMAA WEST,BONO,Dormaa West,Bono,6.97538415,-2.9463116043167,17716,12431,23.2,40.8,14423,9745,9360,8406,15341,13222,821,763,47913,20.33894767599608,30.102477406966795,62.199348807898325,36.97535115730595,True,49.66898148148148,9.783796296296297,98.6,9.3,89.7,61.5,11.8,77.4,0,0,Middle Belt,Q2,-0.7862241924324533,-0.4298073872541819,0.3379249659454219,0.3793793793793794,NS,0.1550130505503617,0.7297297297297297,NS,-0.0719359371549756,0.8778778778778779,NS,-1.0438864411629665,NS,0.6877383918602176,-0.35554531502273995,0.6147717984966526,0.8890887008830382,0.7190628676660974
NADOWLI-KALEO,UPPER WEST,Nadowli Kaleo,Upper West,10.2868347,-2.6394776056347,16572,32214,40.6,47.2,34105,9882,14459,13812,20639,22624,1895,3628,77057,12.824272940810047,44.25944430746071,65.34683216605414,21.50615777930623,True,49.6,6.7,98.4,6.9,92.8,51.0,34.6,47.2,0,0,Northern Belt,Q1 (lowest),-1.3425019022565907,-0.8022417214516666,1.0770110371184645,0.06306306306306306,NS,-1.4189421555946908,0.03303303303303303,LH,-1.6525284621505425,0.007007007007007007,LH,-2.051381140738597,Cold_95,0.4779943162741589,-2.0447759375140655,-0.04363765295489958,0.8458405492337948,0.46953063680446355
PRESTEA/HUNI VALLEY,WESTERN,Prestea/Huni Valley Municipal,Western,5.44481979999999,-2.04050432321944,73612,73038,29.5,43.8,59020,112064,41865,40786,72937,67695,2942,3076,229301,48.87200666373021,25.7390940292454,58.77111894874566,32.102781932917864,True,48.8,10.8,95.2,13.7,85.3,65.4,9.7,76.9,1,0,Southern Belt,Q4 (highest),1.3259503550106602,1.0130833521229219,1.3432982304027778,0.011011011011011011,HH,0.5930152013379523,0.2732732732732733,NS,0.04919660636382921,0.9359359359359359,NS,2.8316099065636364,Hot_99,0.42814303940686005,0.4636104673644511,0.8101666741904918,-0.11709755612852571,-0.3530509286148959
AHANTA WEST MUNICIPAL,WESTERN,Ahanta West Municipal,Western,4.8514282,-1.98665461803006,49812,47885,27.2,44.7,38266,70901,27867,27576,45127,47048,2225,3297,153140,46.2981585477341,24.98759305210918,60.14971521562246,32.52709938618258,True,48.8,10.8,95.2,13.7,85.3,65.4,9.7,76.9,1,0,Southern Belt,Q4 (highest),1.1354199081374936,0.2150155574016533,0.24413294443311717,0.3933933933933934,NS,-0.5187777199789811,0.3003003003003003,NS,-0.7403085890628224,0.14614614614614616,NS,0.9112708156823776,NS,0.6160117718275924,0.4866971265918189,1.1008274939952256,-0.3079050136608117,-0.347993177308098
DAFFIAMA BUSSIE ISSA,UPPER WEST,Daffiama Bussie Issa,Upper West,10.36748405,-2.26222672458466,10070,13695,38.7,44.4,21566,10188,7768,7221,10310,10968,845,1642,38754,26.28889921040409,55.64844919234143,70.44365071905254,25.984414512050368,True,49.6,6.7,98.4,6.9,92.8,51.0,34.6,47.2,0,0,Northern Belt,Q2,-0.34577593222666275,-1.1009580902550122,0.38068481000041315,0.23123123123123124,NS,-0.22063242221265617,0.13513513513513514,NS,-0.3923998373828758,0.004004004004004004,LH,-2.658401940221825,Cold_99,0.4917019014501365,-2.074018603358351,-0.09914811261516639,0.9183207673169916,0.3711152481915791
NZEMA EAST,WESTERN,Nzema East Municipal,Western,5.08576495,-2.22263416898707,32893,27539,38.2,43.0,32560,46450,17234,16955,30240,27556,1116,1520,94621,49.09058242884772,34.410965853246104,59.15461277597066,34.76289618583613,True,48.8,10.8,95.2,13.7,85.3,65.4,9.7,76.9,1,0,Southern Belt,Q4 (highest),1.34213053982602,0.6820614704974608,0.915415529593286,0.056056056056056056,NS,0.15717310793836267,0.8068068068068068,NS,-0.2953649669898948,0.6416416416416416,NS,1.9591777676112603,NS,0.4250319057795908,0.38410421914786624,0.8304433913347699,-0.16506757707003267,-0.469856906579517
LAWRA,UPPER WEST,Lawra Municipal,Upper West,10.61348995,-2.86412434170417,12718,24866,39.5,45.8,26943,3535,10757,10092,16108,17366,1460,2650,58433,6.049663717419951,46.10921910564236,62.28416084124993,21.7650984888676,True,49.6,6.7,98.4,6.9,92.8,51.0,34.6,47.2,0,0,Northern Belt,Q1 (lowest),-1.8439958772513216,-1.5740551620275056,2.9025512293448816,0.0,LL,-1.98098245395613,0.04904904904904905,LH,-2.3396170676207206,0.01901901901901902,LH,-3.3022613817667947,Cold_99,0.3827607717456639,-2.4085961396768765,0.0023788909394941446,0.8221056997723437,0.409877863473597
NANDOM,UPPER WEST,Nandom,Upper West,10.8520701,-2.760077,11997,21466,31.8,44.8,22506,2685,9167,8698,15098,14682,1312,2371,51328,5.231062967581048,43.84741271820449,59.989926124916046,23.37320760598504,True,49.6,6.7,98.4,6.9,92.8,51.0,34.6,47.2,0,0,Northern Belt,Q1 (lowest),-1.9045932239666128,-1.6453462318964047,3.1337152843488916,0.001001001001001001,LL,-2.020118884524704,0.13313313313313313,NS,-2.4720977150822265,0.06906906906906907,NS,-3.011148176278026,Cold_99,0.4231362519336579,-2.6337616023813752,-0.03310230012707702,0.9477131628067256,0.4102723311948417
TARKWA NSUAEM,WESTERN,Tarkwa-Nsuaem Municipal,Western,5.310935,-1.992426,74018,73132,18.2,43.5,39035,62189,36129,35830,74620,67080,2538,2912,219109,28.3826771150432,17.815333920560086,50.78263937896965,33.78135996239315,True,48.8,10.8,95.2,13.7,85.3,65.4,9.7,76.9,0,0,Southern Belt,Q2,-0.1907829327000915,1.3521599031254292,-0.257969031797741,0.4144144144144144,NS,-0.07482813283641682,0.36036036036036034,NS,0.005316418946429329,0.9569569569569569,NS,2.708468927745462,Hot_99,0.48706744985761274,0.43529669497979956,0.9813205595144932,-0.30769661923769676,-0.34771494866273367
TALENSI,UPPER EAST,Talensi,Upper East,10.6451057499999,-0.62587443176215,15187,39504,56.2,48.9,35409,16401,16765,15565,25355,24262,1729,3345,87021,18.847174819871064,40.69017823284035,65.15911885039401,17.452109260982983,True,62.3,3.2,99.2,2.0,97.7,55.2,25.9,56.8,0,0,Northern Belt,Q1 (lowest),-0.896653454805909,-1.3050941251900428,1.1702171561985473,0.02002002002002002,LL,-0.935326250367452,0.006006006006006006,LH,-0.7610966539885554,0.026026026026026026,LH,-3.5958837641601313,Cold_99,0.4375054396878866,-0.7630613429178845,0.1285648049164169,0.4720108655288125,-0.5337379392622372
SEFWI AKONTOMBRA,WESTERN NORTH,Sefwi Akontombra,Western North,6.0425529,-2.8760069,25005,16732,24.5,42.2,29528,18022,13046,11906,20785,18801,1192,959,66689,27.02394697776245,44.27716714900508,63.03238518668216,37.494939195369554,True,48.8,10.8,98.6,11.1,87.9,47.8,14.0,71.1,0,0,Southern Belt,Q2,-0.291363638541761,0.41764138447597926,-0.12168551338653985,0.6406406406406406,NS,-0.05838443013341142,0.6386386386386387,NS,-0.2394339654176251,0.07007007007007007,NS,0.7407430607248369,NS,0.5913844999547091,-0.2836211689746167,0.8864256952937721,0.7226079509137915,-0.5517246568680497
EFFIA KWESIMINTSIM MUNICIPAL,WESTERN,Effia Kwesimintsim Municipal,Western,4.96766095,-1.80360599719917,63585,57847,9.3,42.5,15630,40568,26270,26273,56495,57599,3099,4239,173975,23.31829285816928,8.98404943238971,46.05237786386663,36.548354648656414,True,48.8,10.8,95.2,13.7,85.3,65.4,9.7,76.9,0,0,Southern Belt,Q2,-0.5656766141115063,0.5416089115116798,-0.30637549523654545,0.4174174174174174,NS,0.19705195618416943,0.5435435435435435,NS,0.33512595493977626,0.29429429429429427,NS,0.5326689768477363,NS,0.6603358255344742,0.46699839488065287,1.2563313860360403,-0.46548925841850636,-0.2988445909522419
NABDAM,UPPER EAST,Nabdam,Upper East,10.8469045,-0.661562047243897,5352,29181,68.6,51.2,24677,10522,9547,8959,15580,16128,1008,1817,53039,19.838232244197663,46.52614114142424,58.36381985618772,10.09068798431343,True,62.3,3.2,99.2,2.0,97.7,55.2,25.9,56.8,0,0,Northern Belt,Q1 (lowest),-0.823289912971259,-1.2570074108818918,1.0348815219091803,0.04904904904904905,LL,-1.1073738889111808,0.006006006006006006,LH,-0.7449930409976174,0.06806806806806807,NS,-2.6372336372198357,Cold_99,0.4390911800293904,-0.6982942871361175,0.20949730634902355,0.21767978044729897,-0.5042852306418665
BUILSA SOUTH,UPPER EAST,Builsa South,Upper East,10.53032385,-1.26246582508358,6949,15982,55.1,47.7,18682,8007,7090,6554,10496,10263,742,1430,36575,21.892002734108,51.07860560492139,65.72570933089263,18.99931647300068,True,62.3,3.2,99.2,2.0,97.7,55.2,25.9,56.8,0,0,Northern Belt,Q2,-0.6712584831500404,-0.6635631505804629,0.4454223939329034,0.22822822822822822,NS,-0.6354450155954868,0.018018018018018018,LH,-0.6923844855619641,0.012012012012012012,LH,-1.7792615615917422,NS,0.6898027083606362,-2.9562033032317956,-0.5997570101241586,2.1814719351420453,0.3997807117454932
BUILSA NORTH,UPPER EAST,Builsa North Municipal,Upper East,10.73472,-1.29056,12841,24155,39.7,46.8,22586,6489,10206,9369,16697,16143,1429,2727,56571,11.470541443495785,39.925049937247,59.607186358099874,22.69890933517173,True,62.3,3.2,99.2,2.0,97.7,55.2,25.9,56.8,0,0,Northern Belt,Q1 (lowest),-1.4427125811721748,-1.108548886943221,1.5993174260373957,0.01901901901901902,LL,-2.136304033246093,0.007007007007007007,LH,-1.2353657319780589,0.15315315315315314,NS,-2.398108684531972,Cold_95,0.6151642076702758,-2.6247888534940738,-0.4251734313196976,1.773436677831017,0.29626366522330977
BINDURI,UPPER EAST,Binduri,Upper East,10.9694889,-0.3062234,13742,32587,53.8,47.8,40396,10934,15617,14733,19298,21406,2076,3549,76679,14.259445219682052,52.68195985863143,74.5626965408805,17.92146480783526,True,62.3,3.2,99.2,2.0,97.7,55.2,25.9,56.8,0,0,Northern Belt,Q1 (lowest),-1.2362625270836556,-1.3095457075273902,1.6189422857193652,0.01701701701701702,LL,-1.0155712657344567,0.14414414414414414,NS,-1.6179018780006975,0.02002002002002002,LH,-2.597537235065876,Cold_99,0.5154845613574961,-0.8966960268968218,0.28467475834367767,0.1520554559562019,-0.4503248595821486
PUSIGA,UPPER EAST,Pusiga,Upper East,11.0854045,-0.1276855,15814,30610,40.8,45.4,44153,6809,17464,16645,19362,22108,1943,3011,80533,8.454919101486347,54.82597196180448,82.24981914637087,19.636670681583947,True,62.3,3.2,99.2,2.0,97.7,55.2,25.9,56.8,0,0,Northern Belt,Q1 (lowest),-1.6659455951378792,-1.346882989807518,2.2438337840359717,0.011011011011011011,LL,-1.184809987718811,0.3073073073073073,NS,-2.169701751728422,0.06306306306306306,NS,-2.5268557585477187,Cold_95,0.5452461243241592,-0.8843644699401051,0.31116086833486806,0.14508025493923535,-0.4813899343833328
BAWKU MUNICIPAL,UPPER EAST,Bawku Municipal,Upper East,11.0607602,-0.2422876,31016,42804,23.6,44.8,49713,8649,23314,22324,32217,34839,2498,4266,119458,7.240201577123341,41.61546317534196,68.05953233118588,25.963937115973817,True,62.3,3.2,99.2,2.0,97.7,55.2,25.9,56.8,0,0,Northern Belt,Q1 (lowest),-1.7558656923274445,-1.1640367632087862,2.043892217126193,0.005005005005005005,LL,-2.600007026707645,0.004004004004004004,LH,-2.909465001961661,0.0,LH,-2.8899422652526034,Cold_99,0.5346119033279302,-0.916796414566379,0.3009927796157791,0.11433295725088534,-0.4347557987222544
NORTH GONJA,SAVANNAH,North Gonja,Savannah,8.98787705,-0.403868101269744,12152,21266,58.4,47.2,36888,36681,14200,13825,15763,15868,801,986,61443,59.69923343586739,60.03613104828865,88.59979134393475,19.77768012629592,True,49.66898148148148,9.783796296296297,98.12086614173228,12.606692913385826,86.50314960629919,60.54606299212598,15.77047244094488,69.8547244094488,1,1,Northern Belt,Q4 (highest),2.1274414540664535,0.6642566425532646,1.4131671175068177,0.007007007007007007,HH,3.577314694979743,0.0,HH,3.6419993831207167,0.0,HH,2.4291668119429333,Hot_95,0.7491404294843158,0.06818277315548923,0.6287041903346098,0.21291991565371954,-0.37757918649572864
WEST GONJA,SAVANNAH,West Gonja,Savannah,9.5267018,-1.5071681,10305,28704,39.7,44.9,25501,5633,12525,11915,18794,18196,951,1068,63449,8.877996501126889,40.19133477280965,66.07191132738578,16.24139072325805,True,49.66898148148148,9.783796296296297,98.12086614173228,12.606692913385826,86.50314960629919,60.54606299212598,15.77047244094488,69.8547244094488,0,0,Northern Belt,Q1 (lowest),-1.6346270703521801,0.9698401216094763,-1.5853269166965003,0.006006006006006006,LH,-3.188619366157289,0.0,LH,-3.0056460418898006,0.0,LH,1.3251979459565175,NS,0.8349199952921541,-2.4856418587397626,-0.07650967152355428,1.5636577133420178,0.8719276510591097
MION,NORTHERN,Mion,Northern,9.45284905,-0.335525511842833,23875,26064,53.4,44.5,57646,40227,23000,21991,22749,24286,1413,1491,94930,42.37543453070683,60.72474454861477,95.65429998936962,25.150110607816284,True,57.4,12.1,95.6,27.0,71.9,32.4,52.5,35.9,1,0,Northern Belt,Q4 (highest),0.8450382203916906,0.5416767025011038,0.45773751670917195,0.14214214214214213,NS,1.002061963216382,0.0,HH,1.3320795116454405,0.0,HH,1.8411351242243494,NS,0.8147888174146636,0.0926869452453085,-0.4105993589979763,1.3849650741362252,-1.0880439751500433
YENDI MUNICIPAL,NORTHERN,Yendi Municipal,Northern,9.4739214,0.022769270127783,35078,52937,38.3,45.3,71415,36683,33899,32507,39806,42284,2437,3488,154421,23.75518873728314,46.24694827776015,80.89414057741503,22.71582232986446,True,57.4,12.1,95.6,27.0,71.9,32.4,52.5,35.9,0,0,Northern Belt,Q2,-0.5333351691881358,0.6030967287625606,-0.3216526958713915,0.33233233233233234,NS,-0.7778421254757981,0.002002002002002002,LH,-0.9055166587641315,0.0,LH,1.0232579954859908,NS,0.7702996734958782,-0.3788840779240565,-0.3171592027012603,1.586451169925155,-1.109916246692098
TOLON,NORTHERN,Tolon,Northern,9.555956,-1.19792230212529,21538,43727,57.5,46.8,66152,61432,27261,25564,29223,31525,2023,2494,118090,52.02133965619444,56.018291133880936,86.95759531177981,18.238631552205945,True,57.4,12.1,95.6,27.0,71.9,32.4,52.5,35.9,1,1,Northern Belt,Q4 (highest),1.559081369493382,0.11840854295850395,0.1846085533154603,0.4644644644644645,NS,1.528065736208108,0.013013013013013013,HH,1.673132904268237,0.008008008008008008,HH,0.867914667785035,NS,0.7276053855848713,-1.9804956398425406,0.02979167643933479,1.2168650207990508,0.6634048672407792
KUMBUNGU,NORTHERN,Kumbungu,Northern,9.5591282,-0.9467086,20044,40208,45.0,46.4,56077,39469,26246,24088,26963,28760,2082,2447,110586,35.690774600763206,50.708950500063295,90.32894854907308,18.12525997865914,True,57.4,12.1,95.6,27.0,71.9,32.4,52.5,35.9,1,0,Northern Belt,Q3,0.3502027886768722,0.7151335426616415,0.25044176091647785,0.36736736736736736,NS,0.41744686609191894,0.002002002002002002,HH,0.4933599193387111,0.0,HH,1.7748127353789969,NS,0.6673423633133788,-1.240890215629403,0.03720511573809425,1.0378011866756454,0.17430047818465555
WEST MAMPRUSI MUNICIPAL,NORTHERN EAST,West Mamprusi Municipal,North East,10.29738455,-0.764055036110824,31319,66367,41.5,45.8,82262,26996,39813,38256,43613,48368,2286,3419,175755,15.360018207163382,46.80492731358994,84.87513725660735,17.819692185144092,True,57.4,12.1,95.6,27.0,71.9,32.4,52.5,35.9,0,0,Northern Belt,Q1 (lowest),-1.1547920386666652,0.002648035771873447,-0.0030579306274639943,0.9719719719719719,NS,-1.719623768159629,0.0,LH,-1.6108601818167627,0.0,LH,-0.38384383868871386,NS,0.5760791758004478,-1.4410657981808679,-0.2762621138780718,1.3973461913146337,-0.2957559639225568
MAMPRUGU MOAGDURI,NORTHERN EAST,Mamprugu Moagduri,North East,10.23964,-1.27428,21572,15425,44.5,42.4,40473,43003,16277,15472,16808,17970,968,1251,68746,62.55345765571815,58.87324353416926,91.29047098740584,31.37928024903267,True,57.4,12.1,95.6,27.0,71.9,32.4,52.5,35.9,1,1,Northern Belt,Q4 (highest),2.3387268880066436,-0.0644456160488322,-0.15072069506755634,0.5155155155155156,NS,3.245715380879384,0.0,HH,3.6669381060886135,0.0,HH,0.7465041933542895,NS,0.7480276338774456,-3.049217005595347,-0.78963910179903,2.550341217667034,0.412550677741087
ZABZUGU,NORTHERN,Zabzugu,Northern,9.294058,0.367064,19567,23899,42.7,43.3,46203,32326,20403,18977,19446,21673,1030,1317,82846,39.019385365618135,55.76974144798783,95.77081154697342,23.618521111459817,True,57.4,12.1,95.6,27.0,71.9,32.4,52.5,35.9,1,0,Northern Belt,Q3,0.5966049336026606,0.701870040352575,0.4187391288222448,0.23223223223223224,NS,0.8337427963936832,0.001001001001001001,HH,1.0093901624597987,0.0,HH,1.692667254546042,NS,0.6877058443781916,-0.16928528529244877,0.30156151058845027,1.100683831802789,-1.2021779581073258
TATALE SANGULI,NORTHERN,Tatale Sanguli,Northern,9.34906725,0.514632473680653,20678,19204,52.4,43.5,40934,36464,17927,16996,17913,19322,1101,1546,74805,48.745404718935895,54.72094111356193,93.79078823687392,27.6425372635519,True,57.4,12.1,95.6,27.0,71.9,32.4,52.5,35.9,1,0,Northern Belt,Q4 (highest),1.3165785801313419,0.07283591890264693,0.09589421069140845,0.6576576576576577,NS,1.5408289541502143,0.015015015015015015,HH,1.9400028977275172,0.001001001001001001,HH,0.7247026278315786,NS,0.6967710702686917,-0.2745202057894815,0.4351928864822724,1.1707784058521544,-1.3528589116473633
SENE EAST,BONO EAST,Sene East,Bono East,7.6658435,-0.182426172494555,23216,17927,49.5,41.5,35965,31452,16311,14627,21108,18084,1014,937,72081,43.63424480792442,49.89525672507318,78.93957950602164,32.20821020796049,True,49.66898148148148,9.783796296296297,99.4,15.6,84.2,44.9,24.0,57.8,1,0,Middle Belt,Q4 (highest),0.9382223065684225,1.0442902751120324,0.9797764306425836,0.015015015015015015,HH,1.0621788996066928,0.001001001001001001,HH,1.0236820877289259,0.0,HH,3.327112221463197,Hot_99,0.6887279524413092,-0.375267089904292,1.3878062060608005,-0.3287918795126679,0.4729962655210756
BIBIANI-ANHWIASO-BEKWAI MUNICIPAL,WESTERN NORTH,Bibiani Anhwiaso Bekwai Municipal,Western North,6.29602085,-2.23398871855776,54933,53406,25.8,41.9,22658,14946,30105,29527,50059,52106,2634,3540,167971,8.897964529591418,13.4892332605033,58.36832574756521,32.70385959481101,True,48.8,10.8,98.6,11.1,87.9,47.8,14.0,71.1,0,0,Southern Belt,Q1 (lowest),-1.6331489266486419,0.6480111478858765,-1.0582987106261736,0.03003003003003003,LH,-0.4207575904268688,0.5505505505505506,NS,-0.14420858741259318,0.8128128128128128,NS,0.862325690721864,NS,0.39394651141146597,0.2768567514507733,0.43171003093676247,0.5553677804844612,-0.15951126376159516
SENE WEST,BONO EAST,Sene West,Bono East,7.74897775,-0.618112944814146,25949,16360,26.8,41.0,33389,14249,14065,13730,20496,19425,1064,1324,70104,20.325516375670432,47.627810110692685,69.62500939355226,37.01500627638936,True,49.66898148148148,9.783796296296297,99.4,15.6,84.2,44.9,24.0,57.8,0,0,Middle Belt,Q1 (lowest),-0.7872184514321314,0.9603228453415202,-0.7559838631846498,0.07407407407407407,NS,-0.9549601896853229,0.004004004004004004,LH,-1.0825713999112387,0.001001001001001001,LH,1.6549221842443758,NS,0.8393930956085031,-0.27923510232199855,1.3023128871466259,-0.3433222885752943,1.125553443365524
UPPER DENKYIRA EAST MUNICIPAL,CENTRAL,Upper Denkyira East Municipal,Central,5.83523424999999,-1.73920835777296,34729,35865,24.3,43.8,23359,30732,20144,19403,33371,33259,1765,2199,110141,27.902415994044,21.20826940013256,59.353144229326126,31.53140065915509,True,39.5,16.5,98.6,16.4,82.5,72.9,7.4,76.6,0,0,Southern Belt,Q2,-0.2263345122323486,1.0890527176706557,-0.24649021564930151,0.4034034034034034,NS,-0.08439654017431707,0.3893893893893894,NS,5.7218481986513045e-06,1.0,NS,2.1514872995137972,Hot_95,0.6191622219284005,0.56889172922058,0.7384492039343781,0.35130989066128726,-0.2263663946132013
ASUTIFI NORTH,AHAFO,Asutifi North,Ahafo,7.07651835,-2.52531850396715,24423,23087,26.6,43.1,18794,12723,13205,12841,23097,21584,1361,1468,73556,17.297025395616945,25.550600902713576,58.293234260647694,33.20327369623144,True,49.66898148148148,9.783796296296297,98.0,5.4,93.1,48.3,17.5,70.7,0,0,Middle Belt,Q1 (lowest),-1.0114040730291658,-1.154680270147743,1.1678483282738448,0.011011011011011011,LL,0.6067523416750357,0.13813813813813813,NS,0.3870707398408707,0.3533533533533533,NS,-3.036218070092545,Cold_99,0.532473842354962,-0.5115733071381058,0.3896268278039919,0.6463821319529028,1.2019824599423137
AHAFO ANO NORTH,ASHANTI,Ahafo Ano North Municipal,Ashanti,6.90966445,-2.23301229669742,33407,25324,26.5,41.2,23108,28414,17581,16430,27329,27509,1843,2050,92742,30.63768303465528,24.91643484074098,62.02086144644225,36.02143581117509,True,52.9,7.5,100.0,7.1,91.3,61.5,9.0,79.8,1,0,Middle Belt,Q3,-0.023854945420995383,-0.5569024201905554,0.013284876838465935,0.914914914914915,NS,0.0044076564644668715,0.7217217217217218,NS,0.0016481182690653421,0.9009009009009009,NS,-1.0147520038597562,NS,0.4152575325140434,-0.3499935933929232,0.4801583956135754,0.3305749153898009,0.8535497163384965
AMANSIE CENTRAL,ASHANTI,Amansie Central,Ashanti,6.20744165,-1.82814118592735,33580,27066,28.6,43.3,27396,31633,16778,15628,29576,26490,2039,2541,93052,33.994970554098785,29.44160254481365,57.79973602539864,36.08734900915617,True,52.9,7.5,100.0,7.1,91.3,61.5,9.0,79.8,1,0,Middle Belt,Q3,0.22467001119390442,0.42945365151478776,0.0964853566930905,0.6106106106106106,NS,-0.04795545484631449,0.5565565565565566,NS,-0.08605885689786176,0.3063063063063063,NS,1.158032639172885,NS,0.628292283843197,0.5767498310444334,0.5467006523080877,0.5836064977021628,-0.15549473158049493
AMANSIE WEST,ASHANTI,Amansie West,Ashanti,6.43975084999999,-1.85237045719587,34157,37321,31.0,44.7,30406,48450,20820,20329,35110,32074,1803,2491,112627,43.01810400703206,26.99707885320572,61.24821386044296,30.3275413533167,True,52.9,7.5,100.0,7.1,91.3,61.5,9.0,79.8,1,0,Middle Belt,Q4 (highest),0.8926121629856575,-0.027227565283525122,-0.024303655940560557,0.8478478478478478,NS,-0.39611273173669426,0.2832832832832833,NS,-0.40469220661561905,0.26426426426426425,NS,0.27887855489061086,NS,0.5656846129019522,0.43420731491567344,0.6045998903970669,0.37054717344319904,-0.09406326045405472
ASUTIFI SOUTH,AHAFO,Asutifi South,Ahafo,6.84924284999999,-2.46125343688365,21582,20836,23.2,42.4,19701,14593,12878,12038,20319,19574,1194,1331,67334,21.672557697448543,29.25862120177028,62.45707266939063,32.05215789942674,True,49.66898148148148,9.783796296296297,98.0,5.4,93.1,48.3,17.5,70.7,0,0,Middle Belt,Q2,-0.6875030162438837,-0.3309719591813813,0.22754422022934717,0.35835835835835833,NS,0.06641745165655494,0.8178178178178178,NS,0.08945587463715143,0.7547547547547547,NS,-1.076834283621128,NS,0.4176815338547123,-0.3107865860837975,0.38726964040577483,0.6644066051431138,0.7634827105469829
TECHIMAN MUNICIPAL,BONO EAST,Techiman Municipal,Bono East,7.5279454,-1.97466940505838,89186,68047,9.8,41.4,57462,28058,43306,42796,71814,77235,3579,4605,243335,11.530605954753735,23.614358805761604,57.76757978919685,36.65152978404257,True,49.66898148148148,9.783796296296297,99.4,15.6,84.2,44.9,24.0,57.8,0,0,Middle Belt,Q1 (lowest),-1.4382662744534245,-0.8512647110769376,1.2243453245742977,0.018018018018018018,LL,0.5562688561936051,0.3283283283283283,NS,-0.15298813072660483,0.7927927927927928,NS,-2.5032656600469703,Cold_95,0.8662679355930136,-0.7547078624029517,0.5328046862024325,0.07198352993181015,1.609508407632931
UPPER DENKYIRA WEST,CENTRAL,Upper Denkyira West,Central,6.10783305,-2.06931071266353,33332,25814,24.5,43.6,25637,44004,16093,15786,30896,25738,1148,1364,91025,48.34276297720406,28.16478989288657,56.28950806935763,36.61851139796759,True,39.5,16.5,98.6,16.4,82.5,72.9,7.4,76.6,1,0,Southern Belt,Q4 (highest),1.2867728155622595,0.2711815718135723,0.3489490746911495,0.2672672672672673,NS,0.2549775955318587,0.6456456456456456,NS,-0.25645215433399826,0.6406406406406406,NS,1.114319192745708,NS,0.5009852059732917,0.47300294205392096,0.48045582534349285,0.5867092443743223,-0.22670691938305787
TECHIMAN NORTH,BONO EAST,Techiman North,Bono East,7.70365499999999,-1.98577027897075,34326,31765,15.0,41.8,27555,15369,18455,17983,30106,31934,1687,2364,102529,14.989905295087244,26.8753230793239,58.7330754352031,33.47930829326337,True,49.66898148148148,9.783796296296297,99.4,15.6,84.2,44.9,24.0,57.8,0,0,Middle Belt,Q1 (lowest),-1.1821898396841912,-1.0318493440165357,1.2198418105811462,0.03003003003003003,LL,0.5524531092592868,0.36236236236236236,NS,-0.3317965043864663,0.5635635635635635,NS,-2.393070805640249,Cold_95,0.8553321299250681,-0.7682417878031788,0.5197795365358376,0.09495156542772955,1.6328739556886092
CAPE COAST METROPOLITAN,CENTRAL,Cape Cape Metropolitan Area (CCMA)-Cape Coast South & Cape Coast North,Central,5.1115501,-1.2484127,67570,65035,12.9,44.3,20509,51556,27622,27138,61645,64688,3523,2749,187365,27.516345101806632,10.946014463747233,43.34576080675674,36.06329890854749,True,39.5,16.5,98.6,16.4,82.5,72.9,7.4,76.6,0,0,Southern Belt,Q2,-0.25491361103990956,1.069579174387087,-0.2726502896360975,0.45845845845845845,NS,-0.015447334980201165,0.9059059059059059,NS,0.04748365570126626,0.7947947947947948,NS,1.4855404835587769,NS,0.566760954267894,0.6976872531863572,0.3668502622008717,0.6779389373033755,-0.2787841388135749
KOMENDA-EDINA-EGUAFO-ABIREM MUNICIPAL,CENTRAL,Komenda Edina Eguafo Abirem Municipal,Central,5.1302015,-1.43995928979516,53152,53030,25.1,44.2,43258,75202,30377,29458,46636,50105,3557,5884,166017,45.29777071022847,26.05636772137793,61.850714795174746,32.01599836161357,True,39.5,16.5,98.6,16.4,82.5,72.9,7.4,76.6,1,0,Southern Belt,Q4 (highest),1.061365677609341,0.7933135472994107,0.8419957706861091,0.10510510510510511,NS,-0.10535356176015087,0.8508508508508509,NS,-0.48079262748950047,0.37237237237237236,NS,1.9085749540339594,NS,0.6295894907085681,0.6512309533877627,0.7740015975422608,0.22639984558069198,-0.23035584796946323
BANDA,BONO,Banda,Bono,8.1645269,-2.3569966,7746,10025,35.7,43.7,11732,6648,5465,4943,8765,7659,583,764,28179,23.59203662301714,41.633840803435184,63.37067705796395,27.48855530714362,True,49.66898148148148,9.783796296296297,98.6,9.3,89.7,61.5,11.8,77.4,0,0,Middle Belt,Q2,-0.5454125893926193,-1.0410182498485383,0.567784459254864,0.15315315315315314,NS,0.12267426408762776,0.6386386386386387,NS,-0.30298796677965545,0.19119119119119118,NS,-2.370627348955289,Cold_95,0.7147791333059077,-0.8859200835701716,0.48192391879065594,0.060110566606349544,1.733956025683804
SEFWI-WIAWSO,WESTERN NORTH,Sefwi Wiawso Municipal,Western North,6.30540429999999,-2.51755838219394,51890,46609,33.3,42.4,42460,37320,26975,25746,46395,46745,2535,2824,151220,24.679275228144427,28.078296521624125,56.604036933648274,34.314244147599524,True,48.8,10.8,98.6,11.1,87.9,47.8,14.0,71.1,0,0,Southern Belt,Q2,-0.46492918557199825,0.06288029592318209,-0.02923488477209129,0.8128128128128128,NS,0.08244761755277492,0.5875875875875876,NS,-0.20202968065738516,0.22322322322322322,NS,0.012905266376102457,NS,0.3826704433812542,0.023478910421829213,0.5479935641972052,0.5905197509368565,-0.14969036062490995
JAMAN NORTH,BONO,Jaman North,Bono,7.9132614,-2.69723280400663,36119,38856,14.5,42.4,30773,8231,21157,20397,34679,35066,2077,3153,116529,7.06347776090072,26.408018604810817,59.579898200587856,30.99571780415176,True,49.66898148148148,9.783796296296297,98.6,9.3,89.7,61.5,11.8,77.4,0,0,Middle Belt,Q1 (lowest),-1.7689477648354393,-1.1259619069206435,1.9917677985371212,0.008008008008008008,LL,0.8200765327050996,0.34034034034034033,NS,-0.0947581185740221,0.9229229229229229,NS,-2.8271959596143827,Cold_99,0.701105238875392,-0.7709878451123647,0.7820309585268835,-0.16946049224610474,1.3960425506230683
ASUNAFO SOUTH,AHAFO,Asunafo South,Ahafo,6.56280465,-2.53279356335542,32671,25169,26.2,42.7,26493,43550,17439,16414,27748,26493,1769,1830,91693,47.49544676256639,28.8931543302106,62.41219741523939,35.63085513616088,True,49.66898148148148,9.783796296296297,98.0,5.4,93.1,48.3,17.5,70.7,1,0,Middle Belt,Q4 (highest),1.2240497916143929,-0.5295415882350084,-0.6481852707302167,0.13813813813813813,NS,-0.20614377024959485,0.6836836836836837,NS,0.21076195544624632,0.7187187187187187,NS,-0.58689864255493,NS,0.3941658624780259,-0.0956851322554426,0.48454446310943705,0.6669618242948657,0.19131201788858151
TAIN,BONO,Tain,Bono,7.9614185,-2.1422727,39176,34283,21.5,41.9,42235,22022,21764,20345,34230,33737,2388,3104,115568,19.055447874844248,36.54558355254049,61.955066429296565,33.8986570677004,True,49.66898148148148,9.783796296296297,98.6,9.3,89.7,61.5,11.8,77.4,0,0,Middle Belt,Q1 (lowest),-0.8812359334731389,-1.1363837730414281,1.0014222150198906,0.04604604604604605,LL,0.44457493519450697,0.2502502502502503,NS,0.09293103281711214,0.7957957957957958,NS,-2.7056401850887597,Cold_99,0.7781734101775561,-0.8322489255830023,0.46542170343441747,0.11392851118264216,1.6880506437614342
NKORANZA SOUTH,BONO EAST,Nkoranza South Municipal,Bono East,7.45296465,-1.67701851419084,38611,33973,18.0,41.6,34349,16840,21684,20374,33264,34501,2164,2655,114642,14.689206399050958,29.96196856300483,62.06448756732826,33.679628757348965,True,49.66898148148148,9.783796296296297,99.4,15.6,84.2,44.9,24.0,57.8,0,0,Middle Belt,Q1 (lowest),-1.2044492320236213,-0.5091419346389678,0.6132356121669256,0.15015015015015015,NS,0.3456835564153857,0.5955955955955956,NS,-0.3173756803659792,0.6026026026026026,NS,-1.460750671892361,NS,0.8460137457301252,-0.6107532004115143,0.7359466664429022,-0.04486983782785867,1.506270246351568
SEKYERE KUMAWU,ASHANTI,Sekyere Kumawu,Ashanti,6.9098849,-1.23942940155571,20110,20475,23.9,42.9,13090,23038,12071,11740,17308,19228,1511,2538,64396,35.775514007081185,20.327349524815205,65.17133785855047,31.228647742095784,True,52.9,7.5,100.0,7.1,91.3,61.5,9.0,79.8,1,0,Middle Belt,Q3,0.3564756673495451,0.5464779658360889,0.1948060975632417,0.44744744744744747,NS,0.05826749753693258,0.6726726726726727,NS,-0.040259742896965656,0.7637637637637638,NS,1.3902280232382092,NS,0.777468383822735,-0.036399694222436094,1.1953755966033446,-0.37345236202362936,0.6391137659359819
BOLE,SAVANNAH,Bole,Savannah,8.69166865,-2.17855621492469,27779,44167,37.2,44.8,56513,22652,22281,21573,36043,32286,1579,2038,115800,19.56131260794473,48.80224525043178,64.18065535863249,23.988773747841105,True,49.66898148148148,9.783796296296297,98.12086614173228,12.606692913385826,86.50314960629919,60.54606299212598,15.77047244094488,69.8547244094488,0,0,Northern Belt,Q1 (lowest),-0.8437890332244393,-0.2975776952857555,0.2510927958143244,0.38038038038038036,NS,-0.8364139230694537,0.006006006006006006,LH,-0.9966603361884456,0.01001001001001001,LH,-1.0054797650535894,NS,0.5674042229847143,-0.6611767262087765,0.8523145259651048,-0.43469852606205617,0.8224190709330557
SEKYERE AFRAM PLAINS NORTH,ASHANTI,Sekyere Afram Plains,Ashanti,7.20286155,-0.592081996515861,10858,7985,50.5,40.8,17179,21066,7452,6931,9951,8183,410,299,33226,63.40215493890327,51.70348522241618,79.31509870960627,32.67922711129838,True,52.9,7.5,100.0,7.1,91.3,61.5,9.0,79.8,1,1,Middle Belt,Q4 (highest),2.4015521462727953,0.41818530235458184,1.004293810409384,0.028028028028028028,HH,1.0409030963166102,0.25725725725725723,NS,1.2363469547205703,0.16216216216216217,NS,1.9100205638147572,NS,0.8860701681383288,-0.24120685626741153,1.236624386332388,-0.18689290307568548,1.176857467916697
ASANTE AKIM NORTH,ASHANTI,Asante Akim North Municipal,Ashanti,6.906722,-0.958978,29855,26615,26.0,42.1,20318,28968,14574,14158,25316,26886,1799,2469,85202,33.99920189666909,23.846858054975232,55.0400367802,35.04025727095608,True,52.9,7.5,100.0,7.1,91.3,61.5,9.0,79.8,1,0,Middle Belt,Q3,0.2249832385307405,0.3630324864803304,0.081676224500212,0.6296296296296297,NS,0.02056392142137117,0.8138138138138138,NS,-0.014586149323276183,0.8418418418418419,NS,0.9914934474451909,NS,0.8320427396626098,0.008884128788364361,1.2184508354776336,-0.25096319585185983,0.6652858248520698
ASANTE AKIM CENTRAL MUNICIPAL,ASHANTI,Asante Akim Central Municipal,Ashanti,6.56465915,-1.25347851347396,29453,30820,16.9,42.6,15786,18044,15871,15529,27013,29228,1623,2409,91673,19.683003719743,17.219901170464585,55.83115520705535,32.1283256793167,True,52.9,7.5,100.0,7.1,91.3,61.5,9.0,79.8,0,0,Middle Belt,Q1 (lowest),-0.8347807853145025,0.06907433306938374,-0.057661926004735665,0.7557557557557557,NS,0.33010410763161874,0.3483483483483483,NS,0.3974479399013085,0.24224224224224225,NS,-0.16074443551651216,NS,0.6934266057705127,0.21634724004280276,1.3320264903854684,-0.5011894901878552,0.07964106538553462
KINTAMPO NORTH MUNICIPAL,BONO EAST,Kintampo North Municipal,Bono East,8.053714,-1.728919,40030,45840,28.1,43.4,56833,30289,27626,26754,39911,40681,2394,2884,140250,21.59643493761141,40.52263814616756,67.47567996823506,28.54188948306595,True,49.66898148148148,9.783796296296297,99.4,15.6,84.2,44.9,24.0,57.8,0,0,Middle Belt,Q2,-0.693138043174513,0.0026772735951487714,-0.0018557201807842126,0.980980980980981,NS,-0.6614827649819889,0.02702702702702703,LH,-0.9388463036618336,0.0,LH,-0.2802255209544375,NS,0.7358870737198997,-0.5949198117745045,0.8124133055486139,-0.03391528976443424,1.4737945466539426
ASOKORE MAMPONG MUNICIPAL,ASHANTI,Asokore Mampong Municipal,Ashanti,6.7077852,-1.5665013,66200,62382,11.3,42.7,37038,38807,31486,31334,58782,62187,3238,4375,191402,20.275127741611897,19.35089497497414,51.93065992113682,34.58689041911788,True,52.9,7.5,100.0,7.1,91.3,61.5,9.0,79.8,0,0,Middle Belt,Q1 (lowest),-0.7909484963034022,-0.5699001803821909,0.4507616907163316,0.23423423423423423,NS,1.0082973326686893,0.001001001001001001,LL,0.909889787528365,0.004004004004004004,LL,-1.5007639615255102,NS,0.6535365209263615,0.1617828044306664,1.1609975476393297,-0.43726529721864793,0.11725663975456321
ATEBUBU AMANTIN,BONO EAST,Atebubu Amantin Municipal,Bono East,7.72813859999999,-1.09550967027384,47541,38871,28.8,41.5,59415,36951,29821,28714,41262,40752,1910,2488,144947,25.492766321483025,40.99084492952596,71.37196088472699,32.79888510972977,True,49.66898148148148,9.783796296296297,99.4,15.6,84.2,44.9,24.0,57.8,0,0,Middle Belt,Q2,-0.40471008383950974,0.42442504740000486,-0.17176909651684386,0.47847847847847846,NS,-0.18659013680217415,0.1971971971971972,NS,-0.35724611392831346,0.01701701701701702,LH,0.9198269684151705,NS,0.8948139629225267,-0.3603138628820938,1.2394206485253871,-0.20300452957792375,1.461843951962264
KWADASO MUNICIPAL,ASHANTI,Kwadaso Municipal,Ashanti,6.68059249999999,-1.67467000057054,53272,55768,9.5,42.4,13021,33490,22551,22935,50312,52889,2342,3497,154526,21.67272821402224,8.426413677957107,44.07515431052025,34.47445737286929,True,52.9,7.5,100.0,7.1,91.3,61.5,9.0,79.8,0,0,Middle Belt,Q2,-0.6874903936657355,-0.5844362354609017,0.40179429758953583,0.22622622622622623,NS,0.8452277828372003,0.002002002002002002,LL,0.7859228423286697,0.001001001001001001,LL,-1.603910683210169,NS,0.6069084823932385,0.1859706844764219,1.0567793235389358,-0.32003891359742115,0.07590947416025441
KPANDAI,NORTHERN,Kpandai,Northern,8.4635789,-0.0119853,41265,29199,48.6,42.1,64398,67683,28295,27454,32983,33691,1603,2187,126213,53.62601316821564,51.02327018611395,83.61430242673306,32.69473033681158,True,57.4,12.1,95.6,27.0,71.9,32.4,52.5,35.9,1,1,Northern Belt,Q4 (highest),1.677868161701829,1.9696124401803112,3.3047500042703923,0.0,HH,2.8438085385862752,0.001001001001001001,HH,2.672763532493464,0.0,HH,4.75152900113183,Hot_99,0.7687332817377062,-0.05526677862011773,1.856057496027988,-0.7271376179122612,-0.10941350443196962
EJISU MUNICIPAL,ASHANTI,Ejisu Municipal,Ashanti,6.7139918,-1.4665782,58604,59932,13.5,43.6,26943,39195,31700,30487,53047,57696,3089,4704,180723,21.68788698726781,14.908451054929367,56.15433932618766,32.427527210150345,True,52.9,7.5,100.0,7.1,91.3,61.5,9.0,79.8,0,0,Middle Belt,Q2,-0.686368257583743,-0.22794903165042127,0.15645697967180114,0.5005005005005005,NS,0.5540476369425364,0.01901901901901902,LL,0.5277201856026794,0.03203203203203203,LL,-0.8179418497103367,NS,0.6849016779126231,0.1542971566978945,1.2127139289931808,-0.4733609059596373,0.15587712671245094
NKWANTA NORTH,OTI,Nkwanta North (Kpassa),Oti,8.4892994,0.3094664,39799,29263,55.2,41.7,69270,92265,28933,28101,32315,33375,1374,1998,126096,73.1704415683289,54.9343357441949,86.82295630994064,31.562460347671617,True,49.66898148148148,9.783796296296297,97.1,30.9,66.8,40.8,28.2,48.9,1,1,Northern Belt,Q4 (highest),3.1246546499220242,1.3941333463961514,4.3561852434280866,0.0,HH,4.255120642677108,0.012012012012012012,HH,4.505737532705279,0.005005005005005005,HH,3.6748723165120647,Hot_99,0.8456402197281474,0.01203939601387053,1.8059409409897456,-0.5577259913063872,-0.37469391473534885
BIAKOYE,OTI,Biakoye,Oti,7.39217985,0.262973639210098,26316,18533,34.2,42.2,22512,28009,13938,13040,20259,20321,1872,2397,71827,38.995085413563146,31.34197446642628,66.48102513553475,36.63803305163796,True,49.66898148148148,9.783796296296297,97.1,30.9,66.8,40.8,28.2,48.9,1,0,Northern Belt,Q3,0.5948061169999018,0.27140016860390415,0.1614304804404069,0.4954954954954955,NS,0.2887646565335028,0.2062062062062062,NS,0.11667871631826982,0.6136136136136137,NS,0.8941426105712827,NS,0.7483827969123557,-0.07429082415580658,1.0073394411380145,-0.10684037045780981,-0.8262621152345233
WASSA AMENFI EAST,WESTERN,Wassa Amenfi East Municipal,Western,5.87660585,-1.98975398510416,55415,62692,35.5,44.4,57887,82600,31302,30287,61347,51720,2634,2406,179696,45.96652123586502,32.21385005787552,54.47124271449672,30.83819339328644,True,48.8,10.8,95.2,13.7,85.3,65.4,9.7,76.9,1,0,Southern Belt,Q4 (highest),1.1108702834578037,0.484783908493868,0.5385320378443651,0.14014014014014015,NS,0.1416545093709797,0.7587587587587588,NS,-0.3047244045777337,0.5465465465465466,NS,1.5371653695473266,NS,0.5117352249101694,0.5353460469727497,0.5544481985186366,0.4774676843137033,-0.28232186355880884
CENTRAL GONJA,SAVANNAH,Central Gonja,Savannah,8.93715119999999,-1.10983922943129,24193,52626,61.8,46.6,81261,65926,33708,32235,36113,37012,1814,1880,142762,46.17895518415265,56.9206091256777,90.17846153846152,16.946386293271317,True,49.66898148148148,9.783796296296297,98.12086614173228,12.606692913385826,86.50314960629919,60.54606299212598,15.77047244094488,69.8547244094488,1,0,Northern Belt,Q4 (highest),1.1265958170845654,0.26919041446860364,0.3032687949395893,0.2732732732732733,NS,1.2608972221821908,0.0,HH,1.5127298780466463,0.0,HH,1.1106606465381526,NS,0.7488867970389392,-1.2941221288210025,0.35920330573714415,0.8178185214402494,0.3548215612170221
TEMA WEST MUNICIPAL,GREATER ACCRA,Tema West Municipal,Greater Accra,5.65076355,-0.0688760444019398,81595,60403,8.2,42.0,10773,76946,27080,27146,66160,67893,3606,4339,196224,39.21334801043705,5.490154109589041,40.45116483778804,41.58257909328115,True,38.9,13.4,95.8,8.7,91.3,79.2,4.4,84.6,1,0,Southern Belt,Q3,0.6109631193729765,0.6502749066137423,0.397293985394703,0.2652652652652653,NS,-0.7961152547554415,0.002002002002002002,HL,-0.8211562617065615,0.0,HL,1.592236704009005,NS,0.5671881623812953,0.3118376009940287,0.5597082718556617,0.21482876615956278,-0.6859091435003922
ASHAIMAN MUNICIPAL,GREATER ACCRA,Ashaiman Municipal,Greater Accra,5.6993574,-0.0348533202566188,90383,55066,7.5,43.3,23548,72971,31383,31228,68910,70025,3117,3397,208060,35.07209458809959,11.317889070460444,45.06495843379998,43.440834374699605,True,38.9,13.4,95.8,8.7,91.3,79.2,4.4,84.6,1,0,Southern Belt,Q3,0.3044046786206869,0.7249242435978138,0.22067033139673703,0.5215215215215215,NS,-0.39574905854801035,0.02002002002002002,HL,-0.42026722461866023,0.011011011011011011,HL,1.2468307320029308,NS,0.5749181656056819,0.2907436587182726,0.5630868784617206,0.19816124865811427,-0.6842700036966016
PRU EAST,BONO EAST,Pru East,Bono East,7.9636217,-0.9549861,32906,27206,30.3,41.2,44232,28477,20812,19916,28721,28766,1175,1450,100840,28.239785799286,43.86354621182071,70.84732200323552,32.63189210630702,True,49.66898148148148,9.783796296296297,99.4,15.6,84.2,44.9,24.0,57.8,0,0,Middle Belt,Q2,-0.2013605367460776,0.30506331106265727,-0.061427712057112296,0.7387387387387387,NS,-0.1652150559633968,0.05905905905905906,NS,-0.27905471816359445,0.001001001001001001,LH,0.5457967550240441,NS,0.8227322571202449,-0.16277254554605028,1.2970816973450165,-0.42858907140514885,1.0077799675222434
KPONE KATAMANSO,GREATER ACCRA,Kpone Katamanso Municipal,Greater Accra,5.77159775,-0.0733651054089466,151899,121007,10.5,43.1,38226,156281,69740,70182,132130,132218,3852,4706,412828,37.8562016142316,9.259546348600384,52.93098491382572,36.79474260466829,True,38.9,13.4,95.8,8.7,91.3,79.2,4.4,84.6,1,0,Southern Belt,Q3,0.5104996507889886,0.3257506896710724,0.16629561332135467,0.43343343343343343,NS,-0.5017357765315704,0.002002002002002002,HL,-0.5763427818132626,0.0,HL,1.1079572983210473,NS,0.592940465250228,0.29523005309510886,0.5606153898699904,0.23144629258612678,-0.7015038868338093
SAVELUGU,NORTHERN,Savelugu Municipal,Northern,9.6260647,-0.8258943,22576,46349,41.1,45.5,60689,44028,27601,26362,30825,33659,1964,2477,122888,35.82774558947985,49.38561942581863,83.6843247937473,18.37119979168023,True,57.4,12.1,95.6,27.0,71.9,32.4,52.5,35.9,1,0,Northern Belt,Q3,0.3603421374312343,-0.04187955524533789,-0.015090968451774513,0.9049049049049049,NS,0.30905485706418595,0.06006006006006006,NS,0.46871952792436933,0.004004004004004004,HH,0.06222634626575467,NS,0.6528908036853891,-0.8714962605202086,-0.12339721694113455,1.1557414429618302,-0.1836266806768759
TAMALE METROPOLITAN,NORTHERN,Tamale Metropolitan Area (TMA)-Tamale Central & Tamale South,Northern,9.40078,-0.8393,105305,117605,21.0,44.0,123455,97886,73044,71370,106568,111108,2272,2962,367324,26.6484084895079,33.60929315808387,66.34355647843584,28.668151277890907,True,57.4,12.1,95.6,27.0,71.9,32.4,52.5,35.9,0,0,Northern Belt,Q2,-0.31916307066074645,0.8730293408144219,-0.2786387251912582,0.34034034034034033,NS,-0.49910193696936106,0.001001001001001001,LH,-0.5129087387244209,0.0,LH,1.881128900481331,NS,0.7251745335126836,-0.7128885171772206,0.1683333857682257,0.8160314462738701,-0.11185070409740705
SAGNERIGU,NORTHERN,Sagnarigu Municipal,Northern,9.48585935,-0.855049753344912,85957,123012,18.7,43.9,94006,62402,66933,65809,98837,100082,4429,5621,341711,18.26163044209873,27.510381579756,66.73168475610676,25.15488234209609,True,57.4,12.1,95.6,27.0,71.9,32.4,52.5,35.9,0,0,Northern Belt,Q1 (lowest),-0.9399986822370373,0.506002420756528,-0.47564160871988725,0.1991991991991992,NS,-0.9306177670298349,0.02002002002002002,LH,-1.2719662914032233,0.003003003003003003,LH,0.6554780884528044,NS,0.6964611536196483,-0.8390932398008395,0.10193063844010108,0.9026689470335972,-0.06464331684834038
KARAGA,NORTHERN,Karaga,Northern,9.9267799,-0.4316607,25654,34057,50.5,46.5,69495,50110,28047,26467,25893,30391,1737,1690,114225,43.8695557014664,60.84044648719632,96.85523416956862,22.459181440140075,True,57.4,12.1,95.6,27.0,71.9,32.4,52.5,35.9,1,0,Northern Belt,Q4 (highest),0.9556413179786305,0.14237576042975425,0.1360601593453001,0.5185185185185185,NS,1.380727265694523,0.0,HH,1.6210248377279766,0.0,HH,0.6921403797420792,NS,0.68838295625872,-0.6791892612178441,-0.49049859320224054,1.5611795383387,-0.708545320267173
NORTH EAST GONJA,SAVANNAH,North East Gonja,Savannah,8.98787705,-0.403868101269744,8662,12137,60.4,45.6,23615,23207,9616,8989,9775,9966,526,532,39404,58.895036036950565,59.93046391229316,94.24547895243404,21.982539843670693,True,49.66898148148148,9.783796296296297,98.12086614173228,12.606692913385826,86.50314960629919,60.54606299212598,15.77047244094488,69.8547244094488,1,1,Northern Belt,Q4 (highest),2.067910322902344,0.6547112631690885,1.3538841796277912,0.004004004004004004,HH,2.261135084588058,0.001001001001001001,HH,2.9548770426074062,0.0,HH,2.734643329451742,Hot_99,0.7491404294843158,0.06818277315548923,0.6287041903346098,0.21291991565371954,-0.37757918649572864
SOUTH DAYI,VOLTA,South Dayi,Volta,6.5449087,0.240546020283373,16500,21760,29.0,44.3,12238,12038,9829,9429,17376,17233,1509,2142,57518,20.92910045550958,21.276817691852983,55.64448553844375,28.68667199833096,True,52.3,10.1,98.3,19.0,79.1,72.0,6.7,76.4,0,0,Middle Belt,Q2,-0.7425378256630484,-0.03818652736243883,0.028354940997327827,0.8468468468468469,NS,-0.25258793622192727,0.4444444444444444,NS,0.2699770107069502,0.4094094094094094,NS,-0.3848203032264371,NS,0.7054964043462061,0.17595372123829608,0.4629038595936906,0.4688025184138659,-0.6702143220132442
TEMPANE,UPPER EAST,Tempane,Upper East,10.9030714,-0.0914351270233069,16027,35236,50.7,48.1,47667,15911,18264,17466,20421,24065,2583,4194,86993,18.289977354499783,54.79406389019806,80.31740322798183,18.423321416665708,True,62.3,3.2,99.2,2.0,97.7,55.2,25.9,56.8,0,0,Northern Belt,Q1 (lowest),-0.9379002872875916,-1.4126166856963707,1.3248935953418715,0.035035035035035036,LL,-0.6124019257104912,0.25425425425425424,NS,-1.2900903450556525,0.013013013013013013,LH,-2.6029942743408974,Cold_99,0.5558846440566588,-0.8352710894125485,0.28814748391134554,0.32232941507558016,-0.5987955556652376
BOLGA  EAST,UPPER EAST,Bolgatanga East,Upper East,10.7853963,-0.8487322,9790,15601,24.9,44.0,12504,2878,6860,6573,11258,11835,718,1580,38824,7.412940449206676,32.20688234082011,58.16914216429221,25.21636101380589,True,62.3,3.2,99.2,2.0,97.7,55.2,25.9,56.8,0,0,Northern Belt,Q1 (lowest),-1.7430786073841407,-1.098364152593079,1.9145350575026059,0.003003003003003003,LL,-2.8726824829885245,0.002002002002002002,LH,-1.3036130218755329,0.12912912912912913,NS,-2.76578247624113,Cold_99,0.43206885935735684,-0.6016817721969149,0.10553413078571261,0.4671338530509408,-0.5733484411581617
YUNYOO-NASUAN,NORTHERN EAST,Yunyoo Nasuan,North East,10.4415225,-0.0276844142154081,10414,18846,56.9,47.0,32999,18812,14196,13423,12891,13990,940,1439,56879,33.07371789236801,58.01613952425324,102.74543357761988,18.309042001441654,True,57.4,12.1,95.6,27.0,71.9,32.4,52.5,35.9,1,0,Northern Belt,Q3,0.15647380325459964,-0.42491477953728574,-0.06648803161328883,0.7807807807807807,NS,0.23945566143812894,0.009009009009009009,HH,0.2251172928103195,0.01001001001001001,HH,-0.5624018894193938,NS,0.6672008163484576,-0.9389288935372659,0.08690636509013103,1.0340915353474616,-0.8507174726859309
NANTON,NORTHERN,Nanton,Northern,9.55848269999999,-0.710728600167338,12168,15048,39.9,45.3,27942,19692,12316,11235,12111,13374,830,901,50767,38.78897709141766,55.03969113794393,92.41122228762016,23.96832588098568,True,57.4,12.1,95.6,27.0,71.9,32.4,52.5,35.9,1,0,Northern Belt,Q3,0.5795488411417804,0.18037198726850634,0.10453437619590282,0.6186186186186187,NS,0.40312223921454715,0.11711711711711711,NS,0.6843156009228402,0.011011011011011011,HH,0.6107061706143293,NS,0.7073221889758756,-0.42435846440628955,-0.09452551600812545,1.0575126508800878,-0.4761682250572749
ASSIN FOSU,CENTRAL,Assin Central Municipal,Central,5.73294244999999,-1.31730368183195,31134,25993,18.1,42.8,12994,30642,15976,15650,26152,27674,1421,1880,88753,34.52503013982626,14.640631865965096,58.75599152825773,35.07937759850371,True,39.5,16.5,98.6,16.4,82.5,72.9,7.4,76.6,1,0,Southern Belt,Q3,0.2639079480054847,0.7459533752531569,0.19686302457082597,0.5125125125125125,NS,0.05916198050710346,0.6716716716716716,NS,-0.0464092422737584,0.7267267267267268,NS,1.4637724306405562,NS,0.6148793454357373,0.3608926713856044,1.046269195865437,-0.060555045988521856,-0.3203998135815786
GOMOA CENTRAL,CENTRAL,Gomoa Central,Central,5.47699369999999,-0.589745989100534,28310,24080,18.8,44.1,17534,37766,15233,14969,21856,26134,1504,2896,82592,45.725978302983336,21.229659046881054,62.933944571785794,34.27692754746222,True,39.5,16.5,98.6,16.4,82.5,72.9,7.4,76.6,1,0,Southern Belt,Q4 (highest),1.093063967611388,0.790323470707334,0.8638741085877611,0.13413413413413414,NS,-0.49725784433323617,0.4244244244244244,NS,-0.5952516327188734,0.35035035035035034,NS,1.7421361334519965,NS,0.5264825950149902,0.34909718132128686,0.12308260863992684,0.644755272343768,-0.6648924447841112
PRU WEST,BONO EAST,Pru West,Bono East,8.03487795,-1.31329234137589,23430,18389,38.3,40.8,33051,28780,14399,13602,20066,19335,1124,1294,69820,41.2202807218562,47.33743912918935,71.06672419481738,33.55771985104555,True,49.66898148148148,9.783796296296297,99.4,15.6,84.2,44.9,24.0,57.8,1,0,Middle Belt,Q4 (highest),0.7595273582550671,-0.5510281996825811,-0.41852099282895644,0.22022022022022023,NS,0.11567699145919584,0.7277277277277278,NS,0.6684661400473546,0.037037037037037035,HH,-0.9738867443291397,NS,0.7979544659752165,-0.41614463634418103,1.1257695950874458,-0.14876519296078217,1.4066331098998603
BEREKUM WEST,BONO,Berekum West,Bono,7.47199419999999,-2.71078914019081,16162,16585,14.8,41.6,11329,6176,8505,8212,14064,15958,1024,1701,49464,12.485848293708557,22.903525796538897,55.6824995003664,32.6742681546175,True,49.66898148148148,9.783796296296297,98.6,9.3,89.7,61.5,11.8,77.4,0,0,Middle Belt,Q1 (lowest),-1.367553962960719,-1.3419706890419683,1.8352173339764704,0.005005005005005005,LL,1.1907052955203157,0.07207207207207207,NS,0.6539670818306916,0.35835835835835833,NS,-3.0357118775581085,Cold_99,0.5679392406869866,-0.6496334273006081,0.6689842381590124,0.18191127491462838,1.2414048648504221
AHAFO ANO SOUTH WEST,ASHANTI,Ahafo Ano South West,Ashanti,6.8289788,-2.00038660056909,22860,18251,31.9,41.8,20670,24676,12766,11893,19422,18720,1453,1516,65770,37.518625513151896,31.427702599969592,64.6505164910073,34.75748821651209,True,52.9,7.5,100.0,7.1,91.3,61.5,9.0,79.8,1,0,Middle Belt,Q3,0.4855104041459227,-0.28443002328337724,-0.1380937355555467,0.5445445445445446,NS,-0.00547509442456057,0.9769769769769769,NS,0.03716318795397261,0.8558558558558559,NS,-0.4669614734323511,NS,0.4319241849196732,-0.1456822560845618,0.7395126156554418,-0.03796893154085016,0.4994038457789677
AMANSIE SOUTH,ASHANTI,Amansie South,Ashanti,6.30802585,-2.01186652006877,41010,34389,30.3,44.4,34142,54471,19293,18463,38951,33050,1531,1867,113155,48.13839423799213,30.172771861605764,52.43816058110304,36.24232247801688,True,52.9,7.5,100.0,7.1,91.3,61.5,9.0,79.8,1,0,Middle Belt,Q4 (highest),1.2716443132365172,0.05310344422331778,0.06752869285985463,0.7457457457457457,NS,-0.05531264718179638,0.923923923923924,NS,-0.3078439867184966,0.6056056056056056,NS,0.6336900757091096,NS,0.5130830126384487,0.45247284448492503,0.44433380526271216,0.594089711621738,-0.14696637241922902
ATWIMA NWABIAGYA NORTH,ASHANTI,Atwima Nwabiagya North,Ashanti,6.87764335,-1.74489585317473,48562,50393,13.5,43.1,24396,33196,28123,27947,46519,47225,2235,2976,155025,21.41332043218836,15.73681664247702,59.81182795698925,31.325270117722948,True,52.9,7.5,100.0,7.1,91.3,61.5,9.0,79.8,0,0,Middle Belt,Q2,-0.7066931897779131,-0.28951186105021587,0.204596060564117,0.4744744744744745,NS,0.5089011770122195,0.11411411411411411,NS,0.48431038875155336,0.10710710710710711,NS,-0.8880839040060803,NS,0.5913054156092927,-0.11767288487739956,1.0603233973129804,-0.4283196929523862,0.4723474566932995
ADANSI AKROFUOM,ASHANTI,Akrofuom,Ashanti,6.03262245,-1.67136425707588,16119,15681,37.0,44.2,14804,21116,9048,8443,16194,13524,1073,1009,49291,42.83946359375951,30.033880424418253,58.856585234538,32.70171025136435,True,52.9,7.5,100.0,7.1,91.3,61.5,9.0,79.8,1,0,Middle Belt,Q4 (highest),0.8793882133831562,0.39841074501550205,0.35035771325183457,0.2222222222222222,NS,-0.16166643379738846,0.5975975975975976,NS,-0.3192909531063383,0.33733733733733734,NS,1.3769911347414756,NS,0.6795175187053102,0.5819215404410018,0.7521030363450741,0.40284956681155815,-0.1720644015820222
ADANSI NORTH,ASHANTI,Adansi North,Ashanti,6.3006124,-1.5897139446089,17411,18501,19.7,42.8,9833,14965,9247,8996,16537,16948,998,1429,54155,27.63364416951343,18.157141538177456,54.48111094519934,32.15030929738713,True,52.9,7.5,100.0,7.1,91.3,61.5,9.0,79.8,0,0,Middle Belt,Q2,-0.246230486480583,0.15040852643578823,-0.037035164635111764,0.7847847847847848,NS,0.09035078094656408,0.3793793793793794,NS,0.11774952672915973,0.22622622622622623,NS,0.25095190163062,NS,0.6910648000884012,0.48754092034563473,0.9253248408117873,0.10459696299195381,-0.09731313264001444
OBUASI EAST,ASHANTI,Obuasi East,Ashanti,6.1796409,-1.60356394182495,29615,31180,13.1,42.7,14306,16076,15730,15876,27879,29934,1318,1664,92401,17.398080107358147,15.482516422982432,54.66936502170792,32.050518933777774,True,52.9,7.5,100.0,7.1,91.3,61.5,9.0,79.8,0,0,Middle Belt,Q1 (lowest),-1.0039234453778956,0.3042733863623124,-0.3054671863736522,0.4074074074074074,NS,0.1892262915138947,0.7057057057057057,NS,0.4660706457279294,0.37037037037037035,NS,0.0960773639056,NS,0.6966231125170398,0.5353146265587899,0.8661342521906298,0.23335801278002666,-0.1284837144526208
AFIGYA KWABRE NORTH,ASHANTI,Afigya Kwabre North,Ashanti,7.03891495,-1.62667127242319,21350,22931,25.2,43.7,17584,22087,15067,13982,20273,21082,1268,1658,73330,30.1200054547934,23.979271785081146,70.24301777294161,29.11495977089868,True,52.9,7.5,100.0,7.1,91.3,61.5,9.0,79.8,0,0,Middle Belt,Q2,-0.06217629780162356,-0.13971091905955246,0.008686707709585259,0.93993993993994,NS,0.030327151169689634,0.3633633633633634,NS,0.025569531410357352,0.3893893893893894,NS,-0.27989836294348824,NS,0.7086811936353092,-0.30821917084260214,1.0284705169609498,-0.3836576881129293,0.8842930736639197
KUMASI METROPOLITAN,ASHANTI,"Kumasi Metropolitan Area (KMA)-Bantama, Manhyia North, Manhyia South, Nhyiaeso, & Subin",Ashanti,6.698152,-1.621229,164504,153397,8.9,42.3,48041,100117,62261,63783,144185,155625,7216,10875,443945,22.551667436281523,10.821385531991575,42.04129281878523,37.05504060187636,True,52.9,7.5,100.0,7.1,91.3,61.5,9.0,79.8,0,0,Middle Belt,Q2,-0.6224264601140062,-0.7182314227815529,0.44704624202456816,0.2032032032032032,NS,0.8523958093025308,0.001001001001001001,LL,0.7290781408605127,0.001001001001001001,LL,-1.886024660589177,NS,0.6313770749991606,0.16965711301386655,1.1171548285170747,-0.39234548439693867,0.09814885750213495
OFORIKROM MUNICIPAL,ASHANTI,Oforikrom Municipal,Ashanti,6.672717,-1.5504236985326,64286,95659,10.0,42.8,21529,49047,26682,26499,77870,75115,2874,4086,213126,23.01314715238873,10.1015361804754,34.76223159133248,30.163377532539435,True,52.9,7.5,100.0,7.1,91.3,61.5,9.0,79.8,0,0,Middle Belt,Q2,-0.588265183857509,-0.7065680389350781,0.4156493773319833,0.25325325325325326,NS,0.7158006352001927,0.008008008008008008,LL,0.6029071553877962,0.011011011011011011,LL,-1.6989128951817731,NS,0.660265276753629,0.19853118477480222,1.1615198650150624,-0.4149760079480492,0.08247994944757005
ASOKWA  MUNICIPAL,ASHANTI,Asokwa Municipal,Ashanti,6.6739843,-1.6026178,48298,38057,6.3,41.4,13484,17901,19479,19808,39593,41790,1928,3044,125642,14.247624202098024,10.732080036930329,48.27420960151383,38.44096719249933,True,52.9,7.5,100.0,7.1,91.3,61.5,9.0,79.8,0,0,Middle Belt,Q1 (lowest),-1.2371375840649834,-0.48999720176851624,0.6061939543945044,0.14714714714714713,NS,1.4648743212634618,0.003003003003003003,LL,1.4846227241609637,0.003003003003003003,LL,-1.5200052560521011,NS,0.6406071679213332,0.19793822206609296,1.1214435928886792,-0.3793455076170239,0.07323012554944736
OLD TAFO MUNICIPAL,ASHANTI,Old Tafo Municipal,Ashanti,6.74083555,-1.60465968075918,42408,35138,9.2,42.9,13412,28189,18483,18339,34972,38512,1631,2431,114368,24.64762870733072,11.7270565193061,50.10886723640521,37.08030218242865,True,52.9,7.5,100.0,7.1,91.3,61.5,9.0,79.8,0,0,Middle Belt,Q2,-0.4672718357521479,-0.5760287143730596,0.26916199481104924,0.3733733733733734,NS,0.593591280097998,0.005005005005005005,LL,0.49702748048752426,0.025025025025025027,LL,-1.3799616071183325,NS,0.6381118559587912,0.12036337750729942,1.1452749679316216,-0.4448801605605303,0.156392363218812
SUAME MUNICIPAL,ASHANTI,Suame Municipal,Ashanti,6.738487,-1.62476687694823,52028,40036,8.7,42.7,14098,32285,21799,22427,41237,46222,1842,2763,136290,23.688458434221147,10.34411915767848,50.567694576887455,38.17448088634529,True,52.9,7.5,100.0,7.1,91.3,61.5,9.0,79.8,0,0,Middle Belt,Q2,-0.5382749146157573,-0.5806968222810143,0.3125745324309545,0.30430430430430433,NS,0.6597752543875859,0.0,LL,0.6104721022517426,0.008008008008008008,LL,-1.5382675409897983,NS,0.6291381069304581,0.12042132910909792,1.1306242670679663,-0.4310724614744605,0.15211436370666193
JUABEN MUNICIPAL,ASHANTI,Juaben Municipal,Ashanti,6.0721368,-0.260652306105858,21253,18934,20.9,43.1,14046,19449,12078,11664,17669,19128,1456,1934,63929,30.422812807958827,21.971249354752928,64.52156425795582,33.24469333166481,True,52.9,7.5,100.0,7.1,91.3,61.5,9.0,79.8,1,0,Middle Belt,Q3,-0.03976082582542996,-0.570094771729519,0.022667438922725654,0.8538538538538538,NS,0.03371736363820883,0.05305305305305305,NS,0.03519749927810285,0.04504504504504504,LL,-1.1914902714433986,NS,0.64255552693869,0.30351093568393067,0.6072189811990675,0.31965178137739014,-0.7759617716619898
ABLEKUMA CENTRAL MUNICIPAL,GREATER ACCRA,Ablekuma Central Municipal,Greater Accra,5.5541808,-0.24078224491606,71986,49569,9.4,45.2,20160,61784,23738,23852,55723,58491,3133,4208,169145,36.52723994206155,11.918767921014512,41.66739629117271,42.558751367170174,True,38.9,13.4,95.8,8.7,91.3,79.2,4.4,84.6,1,0,Southern Belt,Q3,0.4121225710762349,0.4551895788821001,0.18759389957599973,0.5255255255255256,NS,-0.5472815063364334,0.005005005005005005,HL,-0.5244858441652483,0.005005005005005005,HL,1.00637617296405,NS,0.555326367889192,0.37305696151487505,0.5075307989387837,0.3168412014950673,-0.694893428177153
KORLE KLOTTEY MUNICIPAL,GREATER ACCRA,Korle Klottey Municipal,Greater Accra,5.55901944999999,-0.19823054970895,29874,23696,10.6,43.4,6313,23554,7480,7583,24034,25651,1594,2291,68633,34.318767939620884,9.198199117042822,30.316997081614165,43.52716623198753,True,38.9,13.4,95.8,8.7,91.3,79.2,4.4,84.6,1,0,Southern Belt,Q3,0.24863928124386317,0.557967524271336,0.13873264419224277,0.5355355355355356,NS,-0.3087681417000901,0.003003003003003003,HL,-0.2950303227349192,0.002002002002002002,HL,1.3753522531519287,NS,0.5541491721359688,0.3650486186588251,0.525861339387756,0.2893117722492168,-0.6920610036265695
ABLEKUMA NORTH MUNICIPAL,GREATER ACCRA,Ablekuma North Municipal,Greater Accra,5.58719365,-0.263259064824942,69225,45302,8.3,42.9,11382,58368,22388,22293,51922,56500,2472,3633,159208,36.66147429777399,7.149138234259585,41.21027097821475,43.48085523340536,True,38.9,13.4,95.8,8.7,91.3,79.2,4.4,84.6,1,0,Southern Belt,Q3,0.42205933914761945,0.540730003629937,0.22822014798934107,0.33933933933933935,NS,-0.5370977613213516,0.0,HL,-0.5356198327342574,0.0,HL,1.7925640813822925,NS,0.5662499408524122,0.3731986862167257,0.5093152563018097,0.3290357743849532,-0.7039024902092496
AYAWASO NORTH MUNICIPAL,GREATER ACCRA,Ayawaso North Municipal,Greater Accra,5.5908829,-0.199044848506062,22947,23128,13.9,43.8,9042,21546,8488,8823,20220,22837,1335,1683,63386,33.99173319029439,14.264979648502823,40.20484474069257,36.20200044173792,True,38.9,13.4,95.8,8.7,91.3,79.2,4.4,84.6,1,0,Southern Belt,Q3,0.22443036365273483,0.49637123656331095,0.11140077712866155,0.6256256256256256,NS,-0.27241920879109355,0.005005005005005005,HL,-0.2940913854812932,0.004004004004004004,HL,1.115658224054528,NS,0.5632987972759267,0.3620602417283381,0.5334890089341556,0.28971918034788685,-0.6984278823630425
AYAWASO EAST MUNICIPAL,GREATER ACCRA,Ayawaso East Municipal,Greater Accra,5.5828425,-0.194266228463183,18510,19828,15.4,44.0,10085,20605,7206,7460,16935,18521,1297,1585,53004,38.87442457173044,19.02686589691344,41.3639440433213,34.921892687344354,True,38.9,13.4,95.8,8.7,91.3,79.2,4.4,84.6,1,0,Southern Belt,Q3,0.5858741353605806,0.4365869253442971,0.25578498739582445,0.41541541541541543,NS,-0.7233460756754078,0.003003003003003003,HL,-0.8091390821297898,0.0,HL,1.1414328154584465,NS,0.5606952720063529,0.36178261515785276,0.5329408834776561,0.28679859832932647,-0.6963009840577105
OKAIKWEI NORTH MUNICIPAL,GREATER ACCRA,Okaikoi North Municipal,Greater Accra,5.6104365,-0.2395459,63259,54414,11.1,42.4,12770,54359,21231,21542,54554,56884,2636,3599,160446,33.87993468207372,7.959064108796729,38.382777867513774,39.426972314672845,True,38.9,13.4,95.8,8.7,91.3,79.2,4.4,84.6,1,0,Southern Belt,Q3,0.21615442087326187,0.4110254574682207,0.08884496972321078,0.6486486486486487,NS,-0.275659764463064,0.002002002002002002,HL,-0.2967769135647992,0.002002002002002002,HL,1.025767888323734,NS,0.5715062358133114,0.3680664622978261,0.5264386355329917,0.3134514530113669,-0.7068329330861354
GA NORTH MUNICIPAL,GREATER ACCRA,Ga North Municipal,Greater Accra,5.669162,-0.333376,87022,76640,10.5,42.3,18918,86352,35527,36103,77522,79032,3432,3676,235292,36.699930299372696,8.040222362001257,45.75418066609605,36.98468286214576,True,38.9,13.4,95.8,8.7,91.3,79.2,4.4,84.6,1,0,Southern Belt,Q3,0.42490606468826797,0.23130379493162984,0.09828238525186098,0.6486486486486487,NS,-0.4664760009328934,0.018018018018018018,HL,-0.5105894790228598,0.007007007007007007,HL,0.6519375629524629,NS,0.5916939286508578,0.3710398860355997,0.5134373878694026,0.3604924219641967,-0.7273231530193751
WEIJA GBAWE MUNICIPAL,GREATER ACCRA,Weija Gbawe Municipal,Greater Accra,5.55414475,-0.296466750643799,85093,61436,8.7,42.9,16714,84797,33744,33401,68119,71627,3047,3736,213674,39.68522141205762,7.822196430075722,48.04788688048316,39.82375019890113,True,38.9,13.4,95.8,8.7,91.3,79.2,4.4,84.6,1,0,Southern Belt,Q3,0.6458937936111234,1.0360002411438702,0.669146125934453,0.08608608608608609,NS,-0.7155327181674328,0.007007007007007007,HL,-0.7329869355912522,0.005005005005005005,HL,2.8308442945500305,Hot_99,0.5576840720483726,0.3780059196297699,0.4774558451650438,0.3545476359002357,-0.6980338325678476
KROWOR MUNICIPAL,GREATER ACCRA,Krowor Municipal,Greater Accra,5.60941925,-0.0769277820845922,54725,50079,12.4,42.4,10206,61701,18895,19313,49619,50062,2221,2902,143012,43.14393197773613,7.136464072944928,38.3302735726969,38.26601963471597,True,38.9,13.4,95.8,8.7,91.3,79.2,4.4,84.6,1,0,Southern Belt,Q4 (highest),0.901926644029972,0.5318698169811049,0.47970755909060336,0.27927927927927926,NS,-1.228457411382301,0.01701701701701702,HL,-1.34591110400556,0.004004004004004004,HL,1.25606371201745,NS,0.5578232314106288,0.32104072712572623,0.5571402523224176,0.21620626608404167,-0.681979851903502
TEMA METROPOLITAN,GREATER ACCRA,Tema Metropolitan Area (TMA)-Tema Central & Tema East,Greater Accra,5.6698,-0.01657,69392,55541,11.6,43.8,19800,78852,24565,24996,59728,60769,1794,2642,174494,45.188946324802,11.34709502905544,41.13048457637949,39.76755647758662,True,38.9,13.4,95.8,8.7,91.3,79.2,4.4,84.6,1,0,Southern Belt,Q4 (highest),1.0533098958182001,0.4752891637589378,0.5006267795624463,0.26326326326326327,NS,-1.4764163534512549,0.012012012012012012,HL,-1.454917249719881,0.011011011011011011,HL,1.2468307320029308,NS,0.5668590986388673,0.2879970102589051,0.5650462010884915,0.18256364830274832,-0.6767129148699095
EAST GONJA MUNICIPAL,SAVANNAH,East Gonja Municipal,Savannah,8.347473,-0.7895018232454,31564,37727,38.8,43.1,60387,34704,24863,23601,33657,32157,1679,1798,117755,29.471360027175063,51.28189885779797,73.63782781778953,26.80480658995372,True,49.66898148148148,9.783796296296297,98.12086614173228,12.606692913385826,86.50314960629919,60.54606299212598,15.77047244094488,69.8547244094488,0,0,Northern Belt,Q2,-0.11019261330147123,0.6119069927824017,-0.06742763063213733,0.7227227227227228,NS,-0.13268943941320277,0.009009009009009009,LH,-0.1548147626133942,0.002002002002002002,LH,1.2158572222907182,NS,0.7694097117998495,0.16153484370952975,1.3031874944430286,-0.7402701977789625,0.3519120972172776
ABLEKUMA WEST MUNICIPAL,GREATER ACCRA,Ablekuma West Municipal,Greater Accra,5.5431939,-0.26615017413473,61592,46044,8.9,43.0,12511,60497,22920,22934,48489,53014,2470,3663,153490,39.41429409082025,8.151019610398071,45.17501945755298,40.12769561534954,True,38.9,13.4,95.8,8.7,91.3,79.2,4.4,84.6,1,0,Southern Belt,Q3,0.6258382575968978,0.5010742853437494,0.31359145766614294,0.38238238238238237,NS,-0.8473736822884975,0.008008008008008008,HL,-0.7710558526438972,0.012012012012012012,HL,1.1854217630119763,NS,0.553197035641216,0.3768147571291441,0.4904477473694128,0.3347960883540895,-0.6940261967805916
AYAWASO CENTRAL MUNICIPAL,GREATER ACCRA,Ayawaso Central Municipal,Greater Accra,5.59137939999999,-0.212668442666915,39158,30825,12.2,42.8,8646,41548,12311,12537,32353,33339,1824,2467,94831,43.81267728907214,9.117271778215985,37.82500152225538,41.292404382533135,True,38.9,13.4,95.8,8.7,91.3,79.2,4.4,84.6,1,0,Southern Belt,Q4 (highest),0.9514308638871228,0.3702507798511995,0.35226801932870766,0.34534534534534533,NS,-1.0989841042866275,0.02002002002002002,HL,-1.0737848251060356,0.018018018018018018,HL,1.0963162512512785,NS,0.5644116913074575,0.3649403434216753,0.5296307487362896,0.29790581180830644,-0.7000984853787144
ACCRA METROPOLIS,GREATER ACCRA,"Accra Metropolitan Area (AMA)-Ablekuma South, Ashiedu Keteke & Okaikoi South",Greater Accra,5.55381875,-0.205849787615075,121103,84691,11.1,43.9,46139,105374,35341,35862,94041,106780,1895,3078,276997,38.04156723719029,16.656859099557035,35.455953311655655,43.71996808629696,True,38.9,13.4,95.8,8.7,91.3,79.2,4.4,84.6,1,0,Southern Belt,Q3,0.5242214375400199,0.4271648622661538,0.22392897816374777,0.46546546546546547,NS,-0.7127096832091386,0.003003003003003003,HL,-0.7093193750119365,0.003003003003003003,HL,1.00637617296405,NS,0.5531337055635044,0.36713753092057727,0.5217900541433865,0.2942333814959262,-0.6917859698899185
ANLOGA,VOLTA,Anloga,Volta,5.7936484,0.8984702,27359,36184,31.6,45.9,29252,41680,15986,15366,26025,29534,2698,5286,94895,43.92222983297329,30.8256494019706,56.43010133371731,28.830813003846355,True,52.3,10.1,98.3,19.0,79.1,72.0,6.7,76.4,1,0,Middle Belt,Q4 (highest),0.9595405479884705,0.2876952055088979,0.2760552151476635,0.4574574574574575,NS,0.0724156285494047,0.8928928928928929,NS,-0.08612307367255256,0.8938938938938938,NS,0.9166372416835258,NS,0.4284858306941983,0.5685430343379962,0.15126185522503732,0.7675208878122789,-0.44617021871203205
SEKONDI TAKORADI METROPOLIS,WESTERN,"Sekondi Takoradi Metropolitan Area (STMA)- Takoradi, Sekondi & Essikado-Ketan",Western,4.95328,-1.73308,85174,86453,10.1,42.6,23679,49217,36872,36883,77931,82625,4541,6530,245382,20.05729841634676,9.649852067388808,45.93724308029597,34.71077748164087,True,48.8,10.8,95.2,13.7,85.3,65.4,9.7,76.9,0,0,Southern Belt,Q1 (lowest),-0.8070734255200527,0.4562235442441124,-0.36820589865599507,0.3163163163163163,NS,0.30664569029101024,0.4594594594594595,NS,0.4786904690546867,0.26126126126126126,NS,0.45873945124393484,NS,0.680918588981052,0.5054483423174815,1.2256529845166144,-0.3900543478387319,-0.2748284348702055
KWAHU SOUTH,EASTERN,Kwahu South Municipal,Eastern,8.25846,0.508747,25687,26212,28.8,43.4,18927,22821,14332,13620,21905,24447,2130,3417,79851,28.579479280159298,23.70289664500132,60.30376251294442,32.16866413695508,True,50.0,6.7,99.2,10.8,89.2,66.7,7.8,75.5,0,0,Middle Belt,Q2,-0.17621454996136693,-0.19885852979508112,0.035041766333819294,0.8228228228228228,NS,0.018408610698001367,0.8258258258258259,NS,0.03726746536935693,0.6506506506506506,NS,-0.4825379580844082,NS,0.8463866867374903,-0.05479619041679007,1.959441814564738,-0.6883489008682788,-0.3454804807555755
ASENE AKROSO MANSO,EASTERN,Asene Manso Akroso,Eastern,5.85516295,-0.8089562448565,26201,23526,25.7,42.5,18687,23397,14244,13527,21551,23476,2013,2687,77498,30.1904565279104,24.11288033239568,61.67632753681125,33.80861441585589,True,50.0,6.7,99.2,10.8,89.2,66.7,7.8,75.5,0,0,Middle Belt,Q2,-0.05696112043344345,0.058537833784529675,-0.00333438060011349,0.972972972972973,NS,0.018836378029262964,0.3213213213213213,NS,0.028731563536014627,0.13713713713713713,NS,0.13928179227495363,NS,0.5925797567462858,0.23990901659554603,0.6603079875134936,0.19948742645095335,-0.6917921727558671
UPPER MANYA,EASTERN,Upper Manya Krobo,Eastern,6.40201115,-0.134429386146108,28918,16271,32.7,40.5,24935,26939,13252,12171,20360,20752,1981,2096,70612,38.15073925111879,35.31269472610888,61.838392683401445,40.953379029060216,True,50.0,6.7,99.2,10.8,89.2,66.7,7.8,75.5,1,0,Middle Belt,Q3,0.5323029527120178,0.0317028512591462,0.016875521334633433,0.8748748748748749,NS,0.046391921159243316,0.8178178178178178,NS,-0.07402716181294239,0.7047047047047047,NS,0.2703362801442804,NS,0.6562592352992523,0.2317089940849606,0.48093982009561237,0.43700767734257373,-0.7467842368029713
ACHIASE,EASTERN,Achiase,Eastern,5.8354534,-0.9966928,17382,18733,29.9,44.6,14484,17894,10513,9720,15422,17107,1477,2109,56348,31.7562291474409,25.70455029459785,62.19988318116143,30.847589976574145,True,50.0,6.7,99.2,10.8,89.2,66.7,7.8,75.5,1,0,Middle Belt,Q3,0.05894601295444037,0.3714137294020542,0.0218933585047905,0.8648648648648649,NS,-0.0047554004825887085,0.8648648648648649,NS,-0.022602448732568326,0.3963963963963964,NS,0.7898710925219236,NS,0.5739464509675899,0.22701051772616984,0.849202708848186,-0.004122668465369588,-0.561144606598407
OKERE,EASTERN,Okere,Eastern,6.04034605,-0.127770489495342,18071,16536,24.0,42.4,11127,18125,8691,8377,14452,16239,1439,2477,51675,35.074987905176584,21.53265602322206,55.61239451304942,34.97048863086599,True,50.0,6.7,99.2,10.8,89.2,66.7,7.8,75.5,1,0,Middle Belt,Q3,0.30461885792373117,-0.5865150159898871,-0.17866353432595833,0.5345345345345346,NS,-0.20803617676931047,0.15515515515515516,NS,-0.2575143590964656,0.07107107107107107,NS,-0.9200928722111515,NS,0.6304148527755807,0.272707188795889,0.5529129374801213,0.30213136842721006,-0.7399531144988579
YILO KROBO,EASTERN,Yilo Krobo Municipal,Eastern,6.1564095,-0.167401779755807,45081,36387,21.5,42.1,25873,36007,20749,20181,35736,38765,2993,3974,122398,29.417964345822647,21.138417294400234,54.938859881075416,36.831484174578016,True,50.0,6.7,99.2,10.8,89.2,66.7,7.8,75.5,0,0,Middle Belt,Q2,-0.11414525641430534,-0.5225521494175395,0.05964684908511144,0.7027027027027027,NS,0.06808798964427225,0.07607607607607608,NS,0.08009532618281309,0.04604604604604605,LL,-1.45415496087304,NS,0.6381432635596764,0.2649214755292185,0.552773205418847,0.33516059954071953,-0.7562370300515334
ATIWA WEST,EASTERN,Atiwa West,Eastern,6.20778059999999,-0.635808682575408,22581,16870,18.9,42.5,12526,18236,11218,10550,18405,17234,1665,2147,61219,29.78813766967772,20.46096800013068,61.0791548584416,36.885607409464384,True,50.0,6.7,99.2,10.8,89.2,66.7,7.8,75.5,0,0,Middle Belt,Q2,-0.08674298338339001,-0.47241980158337604,0.04097910299873119,0.7887887887887888,NS,0.038140566464186114,0.24124124124124124,NS,0.046279209631105885,0.15715715715715717,NS,-1.2163979856952114,NS,0.6313077487725234,0.2663933328914571,0.9852533080667911,0.017385678335813913,-0.7763910392377107
NEW JUABEN NORTH MUNICIPAL,EASTERN,New Juaben North Municipal,Eastern,6.1364245,-0.312846157003848,28972,34529,10.6,41.7,8759,9993,12629,12586,29655,29388,1878,2580,88716,11.264033545245503,9.87307813697642,42.70616330471013,32.65701789981514,True,50.0,6.7,99.2,10.8,89.2,66.7,7.8,75.5,0,0,Middle Belt,Q1 (lowest),-1.4579994358594945,-0.6215766822254294,0.9062584520280924,0.06506506506506507,NS,1.160504828338291,0.06006006006006006,NS,1.2289575244512838,0.04704704704704705,LL,-1.8822710303532837,NS,0.6464924997191024,0.2980319975161322,0.644423049150502,0.3086721511321566,-0.7906486151648233
FANTEAKWA NORTH,EASTERN,Fanteakwa North,Eastern,6.49761694999999,-0.362546050326661,21329,15599,28.9,41.9,16278,17663,10479,9580,16908,16701,1470,1849,56987,30.994788285047463,28.56440942671136,59.68341813204796,37.42783441837612,True,50.0,6.7,99.2,10.8,89.2,66.7,7.8,75.5,1,0,Middle Belt,Q3,0.0025799566678734722,-0.013255060164298546,-3.4197480853946076e-05,1.0,NS,0.00010646535805232267,0.92992992992993,NS,-0.00026751746749244823,0.8078078078078078,NS,-0.026258207764795406,NS,0.6680519612930789,0.24429763118209769,0.6485341225469172,0.3517331498172323,-0.7658512611947277
BIRIM NORTH,EASTERN,Birim North,Eastern,6.3681437,-1.02271793293055,28892,24334,18.3,42.6,17609,14185,15155,14288,24286,24728,1902,2310,82669,17.158789872866492,21.30060845056793,60.070592075733465,34.949013535908264,True,50.0,6.7,99.2,10.8,89.2,66.7,7.8,75.5,0,0,Middle Belt,Q1 (lowest),-1.0216370295737662,-0.6115943448281854,0.6248274297543811,0.13113113113113112,NS,0.5564256974555987,0.21521521521521522,NS,0.4841151626221052,0.2682682682682683,NS,-1.681806043156997,NS,0.6131524243113744,0.21728191980878242,1.4542943427671267,-0.582603306693217,-0.26579491906791397
ASUOGYAMAN,EASTERN,Asuogyaman,Eastern,6.36279085,0.0952598707485648,32892,35186,21.8,43.1,18900,21671,16728,16450,29528,32546,2467,3537,101256,21.40218851228569,18.66556055937426,53.449109127815184,32.48400094809196,True,50.0,6.7,99.2,10.8,89.2,66.7,7.8,75.5,0,0,Middle Belt,Q2,-0.7075172359445965,0.16942685833846655,-0.11987242250640856,0.6036036036036037,NS,-0.2699593621675195,0.35835835835835833,NS,0.04720789444681273,0.8588588588588588,NS,0.1181845632062478,NS,0.6542612960342228,0.19839447508306374,0.45920816730813013,0.4016939338728305,-0.7009512496902502
KWAHU EAST,EASTERN,Kwahu East,Eastern,6.73342465,-0.81009459846416,27342,25934,29.4,42.0,19159,25110,14034,12923,24195,23179,2341,3561,80233,31.29634938242369,23.8792018246856,56.90252036982311,34.0782471053058,True,50.0,6.7,99.2,10.8,89.2,66.7,7.8,75.5,1,0,Middle Belt,Q3,0.024903173910402285,0.023731405326819777,0.0005909873139920401,0.98998998998999,NS,-0.0016016725518653318,0.8928928928928929,NS,-0.00504390436175814,0.6556556556556556,NS,0.059182246909304605,NS,0.7293259222871626,0.17595187312575297,1.1976402164316415,-0.20859363412184903,0.04323083716873028
KWAHU WEST,EASTERN,Kwahu West Municipal,Eastern,6.49118254999999,-0.728456087972531,51012,42241,15.1,41.9,24009,24021,26637,25539,40551,44751,3344,4607,145429,16.517338357549043,16.509086908388284,61.166209467538856,35.076910382385904,True,50.0,6.7,99.2,10.8,89.2,66.7,7.8,75.5,0,0,Middle Belt,Q1 (lowest),-1.069120811969995,-0.40400919435986504,0.4319346379173625,0.23123123123123124,NS,0.29293225857248084,0.5655655655655656,NS,0.4439571432707843,0.36736736736736736,NS,-1.2734994177905712,NS,0.6161228149459219,0.2372044896683376,1.1954108022576448,-0.20605453483071626,-0.547695067377851
LOWER MANYA,EASTERN,Lower Manya Krobo Municipal,Eastern,6.2127831,-0.0404975690174626,36376,48533,19.8,43.4,24179,24965,18640,18300,35520,42445,2707,4237,121849,20.4884734384361,19.843412748565846,47.38023472070801,29.853343072163085,True,50.0,6.7,99.2,10.8,89.2,66.7,7.8,75.5,0,0,Middle Belt,Q2,-0.7751554700165147,0.1117527557495712,-0.08662575990869964,0.6836836836836837,NS,-0.05850025726325526,0.8838838838838838,NS,0.13502599077018834,0.7367367367367368,NS,-0.1478971649364494,NS,0.6351908174026271,0.22651099644051784,0.5033965921901118,0.340056307311225,-0.726087781920609
NSAWAM ADOAGYIRI,EASTERN,Nsawam Adoagyiri Municipal,Eastern,5.81791215,-0.36426765,55497,48522,13.0,43.4,24185,45530,25823,25755,47801,49554,2793,3871,155597,29.26148961740908,15.543358805118352,52.979302552514,35.66714011195589,True,50.0,6.7,99.2,10.8,89.2,66.7,7.8,75.5,0,0,Middle Belt,Q2,-0.12572837965444889,0.7045664122644945,-0.08858399337296331,0.6916916916916916,NS,0.07240318393880533,0.17917917917917917,NS,0.09373908288350795,0.09109109109109109,NS,1.4004454401141515,NS,0.6252028929587676,0.35852588734106866,0.5769027383087698,0.3469541479866006,-0.7617329962270462
AKWAPEM SOUTH,EASTERN,Akwapim South Municipal,Eastern,8.25846,0.508747,25689,27716,19.4,43.5,11667,23583,11963,11554,23466,26024,1672,2243,76922,30.65832921660904,15.167312342372794,47.51869064457466,33.39616754634565,True,50.0,6.7,99.2,10.8,89.2,66.7,7.8,75.5,1,0,Middle Belt,Q3,-0.022326601052333018,0.29263863335611673,-0.006533626019441972,0.9409409409409409,NS,0.020986800918810503,0.012012012012012012,LL,0.02470710727502044,0.004004004004004004,LL,0.7262311456965878,NS,0.8463866867374903,-0.05479619041679007,1.959441814564738,-0.6883489008682788,-0.3454804807555755
DENKYEMBOUR,EASTERN,Denkyembuor,Eastern,6.05,-0.8,24095,27629,18.1,42.3,15302,9980,12977,12328,23028,24760,1861,2075,77029,12.956159368549509,19.865245556868192,52.95262408972964,31.280426852224487,True,50.0,6.7,99.2,10.8,89.2,66.7,7.8,75.5,0,0,Middle Belt,Q1 (lowest),-1.3327389407758665,-0.4810389717987189,0.6410993697469366,0.08808808808808809,NS,0.6954757780304335,0.17917917917917917,NS,0.6834242858944739,0.22622622622622623,NS,-1.613419550342294,NS,0.6093935265857175,0.23377630496433385,0.9744934116938471,-0.05159964419740705,-0.6948830972366251
KWAEBIBIREM,EASTERN,Kwaebibirem Municipal,Eastern,6.23359759999999,-0.87590978580917,42264,37174,19.6,42.9,24805,24359,21732,20528,35226,37175,3152,3885,121698,20.01594110010025,20.38242206116781,58.36935953923288,34.72859044520041,True,50.0,6.7,99.2,10.8,89.2,66.7,7.8,75.5,0,0,Middle Belt,Q1 (lowest),-0.8101349223880888,-0.7484236472381487,0.606324133368688,0.13813813813813813,NS,0.48942218032710666,0.17517517517517517,NS,0.39361154332057846,0.26926926926926925,NS,-1.8766522296630865,NS,0.595011262479227,0.22151332822775918,1.2861437421752624,-0.36464643906782834,-0.5626833995083842
KWAHU AFRAM PLAINS SOUTH,EASTERN,Kwahu Afram Plains South,Eastern,6.8854777,-0.460380290065423,28041,17113,39.1,41.6,30008,33075,15184,13664,22847,19800,1392,1115,74002,44.6947379800546,40.55025539850274,67.64367950852346,37.89221912921272,True,50.0,6.7,99.2,10.8,89.2,66.7,7.8,75.5,1,0,Middle Belt,Q4 (highest),1.0167258657862928,0.6521837579165696,0.6630920959194821,0.06806806806806807,NS,0.6956849625452526,0.04904904904904905,HH,0.40486933468244224,0.2922922922922923,NS,2.1109221344956395,Hot_95,0.7850243733701072,0.14096513283377463,0.842022145628979,0.22002935347071004,-0.16013209726073
KWAHU AFRAM PLAINS NORTH,EASTERN,Kwahu Afram Plains North,Eastern,6.8753584,0.0047456123339843,25007,16163,48.5,41.9,28103,32016,13563,11822,20752,17918,1252,1248,66555,48.10457516339869,42.225227255653216,65.6452029997414,37.573435504469984,True,50.0,6.7,99.2,10.8,89.2,66.7,7.8,75.5,1,0,Middle Belt,Q4 (highest),1.269140838631672,0.025179947495669597,0.03195689968135558,0.8268268268268268,NS,0.4614467546197285,0.34234234234234234,NS,0.03145053430192209,0.9359359359359359,NS,0.4979440478719596,NS,0.8092802995683055,0.14059493176571627,0.48026840915535146,0.5288080703657722,-0.6024948412126024
SUHUM MUNICIPAL,EASTERN,Suhum Municipal,Eastern,6.035885,-0.4552751,49088,34705,17.6,42.0,23909,36085,21768,20842,36414,40187,3044,4148,126403,28.54758194030205,18.91489917169688,55.62590566702784,38.83452133256331,True,50.0,6.7,99.2,10.8,89.2,66.7,7.8,75.5,0,0,Middle Belt,Q2,-0.17857576715180506,-0.6079104164642903,0.10855806897968395,0.6286286286286287,NS,0.12886084899652392,0.0960960960960961,NS,0.15719042229035354,0.05105105105105105,NS,-1.326663211085256,NS,0.6486196415380554,0.323069974413527,0.7117772448790598,0.273182615108021,-0.8024053642641212
AYENSUANO,EASTERN,Ayensuano,Eastern,5.94469995,-0.449937193103216,34538,25736,29.1,42.9,25899,43995,17710,16610,26702,27364,2749,3459,94594,46.5092923441233,27.37911495443685,63.4779713683276,36.51182950292831,True,50.0,6.7,99.2,10.8,89.2,66.7,7.8,75.5,1,0,Middle Belt,Q4 (highest),1.151049197343044,-0.0800199979191652,-0.09210695437624715,0.5695695695695696,NS,-0.61171758882631,0.12212212212212212,NS,-0.7488820397932808,0.06006006006006006,NS,0.17298900489295532,NS,0.6429179339592435,0.33752723441982957,0.6535012776141885,0.31270325421359146,-0.7901000067214212
ABUAKWA SOUTH,EASTERN,Abuakwa South Municipal,Eastern,6.1727705,-0.470361048613095,29553,31123,21.1,43.4,17315,19569,14490,13885,27170,27633,2484,3389,89051,21.97504800619869,19.44391416154788,51.776362607886426,33.186600936541986,True,50.0,6.7,99.2,10.8,89.2,66.7,7.8,75.5,0,0,Middle Belt,Q2,-0.6651110136456018,-0.3045426388333918,0.20255466321278362,0.4444444444444444,NS,0.427855233396922,0.11011011011011011,NS,0.49078267132226183,0.06806806806806807,NS,-0.9531309180819143,NS,0.6478948392199018,0.2947228956734888,0.7907478505591725,0.20982100231738074,-0.8103645462541827
UPPER WEST AKIM,EASTERN,Upper West Akim,Eastern,5.80678025,-0.540057196199224,33617,27069,29.7,43.7,27158,47183,17860,17309,26665,28405,2263,3353,95855,49.22330603515727,28.33237702780241,63.86235700018159,35.07067967242189,True,50.0,6.7,99.2,10.8,89.2,66.7,7.8,75.5,1,0,Middle Belt,Q4 (highest),1.3519554738862767,0.8149695629623865,1.1018025616977052,0.008008008008008008,HH,-0.6845614172361337,0.16616616616616617,NS,-0.7843110948831289,0.0940940940940941,NS,2.665391213042612,Hot_99,0.6186602621719036,0.3295738227228889,0.532310019638553,0.38028744126321934,-0.759415236249541
WEST AKIM,EASTERN,West Akim Municipal,Eastern,5.9070609,-0.68318054757923,40323,36708,23.7,43.0,27295,33081,20654,19996,33607,36756,2767,3901,117681,28.110740051495146,23.19405851411868,57.77184031380129,34.26466464425013,True,50.0,6.7,99.2,10.8,89.2,66.7,7.8,75.5,0,0,Middle Belt,Q2,-0.21091321541459254,0.2053123283867161,-0.04330308334429901,0.7957957957957958,NS,0.05151599479752961,0.5765765765765766,NS,0.07158728041318561,0.45245245245245247,NS,0.33624852901825386,NS,0.6183781987716337,0.2755893465715577,0.6661677971947515,0.2491780047426561,-0.7514284578715411
AKYEM MANSA,EASTERN,Akyemansa,Eastern,6.0815994,-1.11546439579942,32660,25244,23.6,42.4,25196,24107,17060,16074,25881,26687,2325,3011,91038,26.480151145675435,27.67635492871109,63.03074113529144,35.87512906698302,True,50.0,6.7,99.2,10.8,89.2,66.7,7.8,75.5,0,0,Middle Belt,Q2,-0.33161840814195004,-0.26095848935479626,0.08653863883096555,0.6376376376376376,NS,0.11397732701523566,0.3173173173173173,NS,0.1575623959602882,0.16116116116116116,NS,-0.8191794269743999,NS,0.6247827536961844,0.24358357895722427,1.3349070300247359,-0.43923576644882717,-0.36254235780182814
ATIWA EAST,EASTERN,Atiwa East,Eastern,6.3954833,-0.597296233359515,22465,19027,18.4,42.4,12972,11549,12055,11100,18975,18809,1641,2067,64647,17.864711432858446,20.065896329296024,61.28255346178276,34.75025909941683,True,50.0,6.7,99.2,10.8,89.2,66.7,7.8,75.5,0,0,Middle Belt,Q1 (lowest),-0.9693808185538643,-0.5187113218204487,0.5028288057394634,0.14914914914914915,NS,0.4303518245512904,0.24024024024024024,NS,0.5116386192250402,0.14314314314314314,NS,-1.6489080117710435,NS,0.6295069143947646,0.25050512216597787,1.0119453001924499,0.003412850154959794,-0.7445485171762232
NEW JUABEN SOUTH MUNICIPAL,EASTERN,New Juaben South Municipal,Eastern,6.0721368,-0.260652306105858,48553,45659,8.5,41.1,11820,16248,17745,17784,42075,44834,2987,4316,129741,12.523412028580015,9.1104585289153,40.88069129779425,37.42301970849616,True,50.0,6.7,99.2,10.8,89.2,66.7,7.8,75.5,0,0,Middle Belt,Q1 (lowest),-1.3647732879291177,-0.42976382609184005,0.586530189968358,0.15015015015015015,NS,0.8955259020893795,0.12812812812812813,NS,1.0965520017201196,0.06706706706706707,NS,-1.4484675691528028,NS,0.64255552693869,0.30351093568393067,0.6072189811990675,0.31965178137739014,-0.7759617716619898
BIRIM SOUTH,EASTERN,Birim South,Eastern,5.9375343,-1.0087951,11610,11912,24.9,43.6,7286,10484,6342,5790,10135,11093,943,1351,35654,29.40483536209121,20.435294777584563,57.15093273035613,32.562966287092614,True,50.0,6.7,99.2,10.8,89.2,66.7,7.8,75.5,0,0,Middle Belt,Q2,-0.11511713627069432,0.10044477995950224,-0.011562915422277926,0.8918918918918919,NS,0.010713505440470956,0.8208208208208209,NS,0.037863025052823365,0.4084084084084084,NS,0.18644945623273573,NS,0.5898613809907058,0.219540327725053,1.044127640134731,-0.17897510638220387,-0.530471597615119
ABUAKWA NORTH,EASTERN,Abuakwa North Municipal,Eastern,6.2336986,-0.382588987736012,25086,26833,15.7,42.9,11029,15507,12352,11924,22357,24610,2063,2889,76195,20.35172911608373,14.474703064505546,51.687354951348816,32.92342017192729,True,50.0,6.7,99.2,10.8,89.2,66.7,7.8,75.5,0,0,Middle Belt,Q2,-0.785278039675246,-0.6767411139340986,0.5314299353178112,0.1931931931931932,NS,0.5173209805810632,0.1941941941941942,NS,0.6370772405954981,0.0980980980980981,NS,-1.5739799013368012,NS,0.6471012784438661,0.2816611770462425,0.7134340019850214,0.2674269698832395,-0.8033517696906001
AKWAPEM NORTH,EASTERN,Akwapim North Municipal,Eastern,5.9014961,-0.14597334325382,30652,42982,20.1,43.2,15299,22608,16126,15555,30768,35625,2652,4589,105315,21.467027488961687,14.5268955039643,47.71737984426069,29.105065755115607,True,50.0,6.7,99.2,10.8,89.2,66.7,7.8,75.5,0,0,Middle Belt,Q2,-0.7027174969374269,0.03372400539955321,-0.023698448661078304,0.8558558558558559,NS,0.45154927079520424,0.06806806806806807,NS,0.5473692457483031,0.035035035035035036,LL,-0.1672612718332272,NS,0.6200548667344915,0.30264267003628104,0.5647398891509399,0.2854190552404404,-0.7333147741002003
FANTEAKWA SOUTH,EASTERN,Fanteakwa South,Eastern,6.37117379999999,-0.311872167608319,20099,16378,21.7,41.7,9765,13448,9261,8896,16955,16368,1366,1788,54634,24.61470878939854,17.873485375407256,54.487891246286345,36.788446754768096,True,50.0,6.7,99.2,10.8,89.2,66.7,7.8,75.5,0,0,Middle Belt,Q2,-0.46970874981699307,-0.29796789936199053,0.13995812949491618,0.5195195195195195,NS,0.1790884200694817,0.3253253253253253,NS,0.19930058306778772,0.2822822822822823,NS,-0.9159626737813987,NS,0.6501554245829969,0.25270566965232116,0.622780719684251,0.3437915945097851,-0.7844902852513218
BIRIM CENTRAL MUNICIPAL,EASTERN,Birim Central Municipal,Eastern,5.97391735,-1.00480959493596,25276,26732,11.9,41.9,9947,9297,12418,11876,22690,26007,1366,1945,76302,12.184477471101674,13.03635553458625,49.88808345483295,33.12626143482478,True,50.0,6.7,99.2,10.8,89.2,66.7,7.8,75.5,0,0,Middle Belt,Q1 (lowest),-1.3898630950143798,-0.4591089014054886,0.6380985186560841,0.13613613613613615,NS,0.46607035805642727,0.5115115115115115,NS,0.5668571530755947,0.44744744744744747,NS,-1.4541170371709973,NS,0.5937026496859397,0.21769165760336728,1.0983850947100076,-0.22802886298246475,-0.5243435550160688
GUAN,Oti,Guan,Oti,7.19092,0.60951,10218,9102,28.1,42.9,4992,7735,4642,4276,8596,7785,1215,1724,28238,27.3921665840357,17.67830582902472,54.44112081069533,36.185282243784975,False,49.66898148148148,9.783796296296297,97.1,30.9,66.8,40.8,28.2,48.9,0,0,Northern Belt,Q2,,,,,,,,,,,,,,,,,,
